sid,id,category,polarity
1:5,1:5:0,PHONE#DESIGN_FEATURES,positive
1:13,1:13:0,DISPLAY#QUALITY,positive
1:17,1:17:0,PORTS#CONNECTIVITY,positive
1:20,1:20:0,CPU#OPERATION_PERFORMANCE,positive
2:4,2:4:0,DISPLAY#QUALITY,positive
2:10,2:10:0,PHONE#DESIGN_FEATURES,positive
2:15,2:15:0,MULTIMEDIA_DEVICES#DESIGN_FEATURES,positive
2:16,2:16:0,MULTIMEDIA_DEVICES#QUALITY,positive
2:20,2:20:0,MULTIMEDIA_DEVICES#DESIGN_FEATURES,positive
2:35,2:35:0,POWER_SUPPLY#QUALITY,positive
2:52,2:52:0,SOFTWARE#DESIGN_FEATURES,positive
3:8,3:8:0,HARDWARE#DESIGN_FEATURES,positive
3:9,3:9:0,PHONE#QUALITY,positive
3:13,3:13:0,PHONE#DESIGN_FEATURES,positive
3:23,3:23:0,OS#OPERATION_PERFORMANCE,positive
3:26,3:26:0,SOFTWARE#DESIGN_FEATURES,positive
3:27,3:27:0,PHONE#OPERATION_PERFORMANCE,positive
3:31,3:31:0,SOFTWARE#OPERATION_PERFORMANCE,negative
3:32,3:32:0,PHONE#DESIGN_FEATURES,positive
3:35,3:35:0,OS#DESIGN_FEATURES,positive
3:36,3:36:0,MULTIMEDIA_DEVICES#DESIGN_FEATURES,positive
3:37,3:37:0,SOFTWARE#DESIGN_FEATURES,negative
3:39,3:39:0,SOFTWARE#OPERATION_PERFORMANCE,negative
3:41,3:41:0,MULTIMEDIA_DEVICES#CONNECTIVITY,positive
3:44,3:44:0,PHONE#OPERATION_PERFORMANCE,negative
4:1,4:1:0,DISPLAY#QUALITY,positive
4:2,4:2:0,MULTIMEDIA_DEVICES#DESIGN_FEATURES,positive
4:3,4:3:0,PHONE#DESIGN_FEATURES,positive
4:13,4:13:0,BATTERY#QUALITY,positive
4:18,4:18:0,PHONE#DESIGN_FEATURES,positive
4:25,4:25:0,PHONE#GENERAL,positive
4:27,4:27:0,PHONE#DESIGN_FEATURES,positive
4:28,4:28:0,DISPLAY#QUALITY,positive
4:37,4:37:0,MULTIMEDIA_DEVICES#DESIGN_FEATURES,positive
4:44,4:44:0,PORTS#CONNECTIVITY,positive
4:48,4:48:0,MULTIMEDIA_DEVICES#DESIGN_FEATURES,positive
4:49,4:49:0,HARDWARE#DESIGN_FEATURES,positive
4:59,4:59:0,DISPLAY#QUALITY,positive
4:60,4:60:0,MULTIMEDIA_DEVICES#OPERATION_PERFORMANCE,positive
4:65,4:65:0,DISPLAY#QUALITY,positive
4:66,4:66:0,OS#OPERATION_PERFORMANCE,positive
4:68,4:68:0,DISPLAY#DESIGN_FEATURES,positive
4:76,4:76:0,SOFTWARE#DESIGN_FEATURES,positive
4:79,4:79:0,OS#DESIGN_FEATURES,positive
4:80,4:80:0,OS#DESIGN_FEATURES,positive
4:85,4:85:0,SOFTWARE#DESIGN_FEATURES,positive
6:15,6:15:0,MULTIMEDIA_DEVICES#DESIGN_FEATURES,negative
6:17,6:17:0,MULTIMEDIA_DEVICES#DESIGN_FEATURES,negative
6:25,6:25:0,SUPPORT#USABILITY,negative
6:26,6:26:0,SOFTWARE#DESIGN_FEATURES,negative
6:32,6:32:0,PHONE#OPERATION_PERFORMANCE,negative
6:33,6:33:0,MULTIMEDIA_DEVICES#DESIGN_FEATURES,negative
7:7,7:7:0,DISPLAY#DESIGN_FEATURES,positive
7:18,7:18:0,PHONE#DESIGN_FEATURES,positive
7:42,7:42:0,MULTIMEDIA_DEVICES#OPERATION_PERFORMANCE,positive
7:49,7:49:0,DISPLAY#QUALITY,positive
7:50,7:50:0,DISPLAY#DESIGN_FEATURES,positive
7:60,7:60:0,DISPLAY#QUALITY,positive
7:61,7:61:0,WARRANTY#OPERATION_PERFORMANCE,positive
7:66,7:66:0,SOFTWARE#OPERATION_PERFORMANCE,negative
7:69,7:69:0,BATTERY#DESIGN_FEATURES,negative
7:72,7:72:0,HARDWARE#QUALITY,negative
8:3,8:3:0,DISPLAY#QUALITY,positive
8:15,8:15:0,MULTIMEDIA_DEVICES#OPERATION_PERFORMANCE,positive
8:17,8:17:0,PHONE#OPERATION_PERFORMANCE,positive
8:18,8:18:0,PHONE#CONNECTIVITY,positive
8:20,8:20:0,DISPLAY#QUALITY,positive
8:23,8:23:0,HARDWARE#QUALITY,positive
8:31,8:31:0,DISPLAY#QUALITY,negative
9:32,9:32:0,DISPLAY#DESIGN_FEATURES,negative
9:33,9:33:0,SOFTWARE#DESIGN_FEATURES,positive
9:34,9:34:0,SOFTWARE#OPERATION_PERFORMANCE,negative
9:35,9:35:0,OS#OPERATION_PERFORMANCE,positive
9:47,9:47:0,HARDWARE#QUALITY,positive
9:50,9:50:0,DISPLAY#QUALITY,positive
9:52,9:52:0,MULTIMEDIA_DEVICES#QUALITY,positive
9:54,9:54:0,HARDWARE#QUALITY,negative
9:59,9:59:0,PHONE#OPERATION_PERFORMANCE,negative
9:63,9:63:0,OS#OPERATION_PERFORMANCE,positive
9:64,9:64:0,BATTERY#QUALITY,positive
9:74,9:74:0,SOFTWARE#DESIGN_FEATURES,positive
10:11,10:11:0,KEYBOARD#DESIGN_FEATURES,negative
10:14,10:14:0,KEYBOARD#DESIGN_FEATURES,negative
10:18,10:18:0,PORTS#CONNECTIVITY,negative
10:20,10:20:0,HARDWARE#QUALITY,positive
10:25,10:25:0,MULTIMEDIA_DEVICES#QUALITY,negative
10:33,10:33:0,OS#OPERATION_PERFORMANCE,positive
10:34,10:34:0,PHONE#OPERATION_PERFORMANCE,positive
10:38,10:38:0,MULTIMEDIA_DEVICES#QUALITY,positive
10:40,10:40:0,PHONE#DESIGN_FEATURES,positive
10:50,10:50:0,PHONE#OPERATION_PERFORMANCE,negative
10:61,10:61:0,PHONE#PRICE,positive
11:4,11:4:0,HARDWARE#QUALITY,negative
11:13,11:13:0,OS#GENERAL,negative
11:23,11:23:0,OS#GENERAL,negative
11:29,11:29:0,OS#OPERATION_PERFORMANCE,negative
11:30,11:30:0,OS#OPERATION_PERFORMANCE,negative
11:31,11:31:0,DISPLAY#DESIGN_FEATURES,negative
11:35,11:35:0,HARDWARE#OPERATION_PERFORMANCE,negative
11:39,11:39:0,OS#OPERATION_PERFORMANCE,positive
11:41,11:41:0,CPU#QUALITY,positive
11:42,11:42:0,MEMORY#QUALITY,positive
11:44,11:44:0,SOFTWARE#DESIGN_FEATURES,negative
11:47,11:47:0,DISPLAY#QUALITY,negative
11:51,11:51:0,PHONE#QUALITY,positive
11:55,11:55:0,SOFTWARE#MISCELLANEOUS,negative
11:60,11:60:0,BATTERY#QUALITY,positive
11:64,11:64:0,PHONE#CONNECTIVITY,positive
11:69,11:69:0,DISPLAY#QUALITY,negative
12:3,12:3:0,DISPLAY#QUALITY,positive
12:9,12:9:0,PHONE#DESIGN_FEATURES,negative
12:15,12:15:0,PHONE#DESIGN_FEATURES,positive
12:19,12:19:0,HARDWARE#DESIGN_FEATURES,positive
12:24,12:24:0,PHONE#OPERATION_PERFORMANCE,positive
12:28,12:28:0,PHONE#OPERATION_PERFORMANCE,positive
12:43,12:43:0,DISPLAY#QUALITY,negative
12:44,12:44:0,DISPLAY#QUALITY,negative
12:45,12:45:0,PHONE#DESIGN_FEATURES,negative
12:49,12:49:0,PHONE#DESIGN_FEATURES,positive
12:50,12:50:0,DISPLAY#QUALITY,positive
12:52,12:52:0,BATTERY#QUALITY,positive
12:59,12:59:0,BATTERY#QUALITY,positive
12:69,12:69:0,SOFTWARE#DESIGN_FEATURES,negative
12:74,12:74:0,HARDWARE#DESIGN_FEATURES,positive
13:1,13:1:0,PHONE#PRICE,positive
13:2,13:2:0,CPU#OPERATION_PERFORMANCE,positive
13:7,13:7:0,PHONE#DESIGN_FEATURES,positive
13:16,13:16:0,HARDWARE#DESIGN_FEATURES,negative
13:17,13:17:0,MULTIMEDIA_DEVICES#DESIGN_FEATURES,negative
13:19,13:19:0,PHONE#GENERAL,positive
13:21,13:21:0,PHONE#GENERAL,positive
14:11,14:11:0,DISPLAY#DESIGN_FEATURES,positive
14:15,14:15:0,DISPLAY#DESIGN_FEATURES,positive
14:21,14:21:0,PHONE#QUALITY,positive
14:23,14:23:0,SOFTWARE#OPERATION_PERFORMANCE,positive
14:25,14:25:0,SOFTWARE#DESIGN_FEATURES,positive
14:26,14:26:0,DISPLAY#QUALITY,positive
14:31,14:31:0,OS#DESIGN_FEATURES,positive
14:37,14:37:0,BATTERY#QUALITY,positive
14:45,14:45:0,MULTIMEDIA_DEVICES#OPERATION_PERFORMANCE,positive
14:47,14:47:0,PHONE#QUALITY,positive
15:2,15:2:0,PHONE#DESIGN_FEATURES,positive
15:3,15:3:0,PHONE#DESIGN_FEATURES,positive
15:10,15:10:0,PHONE#DESIGN_FEATURES,positive
15:13,15:13:0,HARDWARE#QUALITY,positive
15:14,15:14:0,POWER_SUPPLY#OPERATION_PERFORMANCE,positive
15:15,15:15:0,BATTERY#OPERATION_PERFORMANCE,negative
15:16,15:16:0,POWER_SUPPLY#OPERATION_PERFORMANCE,positive
15:28,15:28:0,OS#DESIGN_FEATURES,positive
15:30,15:30:0,OS#OPERATION_PERFORMANCE,positive
15:31,15:31:0,OS#DESIGN_FEATURES,positive
15:33,15:33:0,PHONE#DESIGN_FEATURES,positive
15:40,15:40:0,PHONE#DESIGN_FEATURES,negative
15:45,15:45:0,PORTS#QUALITY,negative
15:49,15:49:0,MULTIMEDIA_DEVICES#DESIGN_FEATURES,negative
15:53,15:53:0,BATTERY#OPERATION_PERFORMANCE,negative
15:56,15:56:0,OS#DESIGN_FEATURES,negative
16:6,16:6:0,PHONE#DESIGN_FEATURES,positive
16:7,16:7:0,PHONE#DESIGN_FEATURES,positive
16:16,16:16:0,DISPLAY#DESIGN_FEATURES,positive
16:19,16:19:0,MULTIMEDIA_DEVICES#DESIGN_FEATURES,positive
16:20,16:20:0,MULTIMEDIA_DEVICES#OPERATION_PERFORMANCE,positive
16:21,16:21:0,MULTIMEDIA_DEVICES#OPERATION_PERFORMANCE,positive
16:25,16:25:0,CPU#OPERATION_PERFORMANCE,positive
16:28,16:28:0,SOFTWARE#DESIGN_FEATURES,positive
16:42,16:42:0,OS#DESIGN_FEATURES,positive
16:44,16:44:0,MULTIMEDIA_DEVICES#OPERATION_PERFORMANCE,positive
17:6,17:6:0,SOFTWARE#OPERATION_PERFORMANCE,negative
17:7,17:7:0,SOFTWARE#DESIGN_FEATURES,negative
17:12,17:12:0,PHONE#OPERATION_PERFORMANCE,positive
17:14,17:14:0,SOFTWARE#DESIGN_FEATURES,negative
17:16,17:16:0,MULTIMEDIA_DEVICES#QUALITY,negative
17:18,17:18:0,HARDWARE#QUALITY,negative
17:22,17:22:0,MULTIMEDIA_DEVICES#CONNECTIVITY,negative
17:31,17:31:0,SOFTWARE#OPERATION_PERFORMANCE,negative
17:40,17:40:0,OS#DESIGN_FEATURES,positive
17:43,17:43:0,PHONE#DESIGN_FEATURES,positive
18:8,18:8:0,SOFTWARE#OPERATION_PERFORMANCE,positive
18:9,18:9:0,OS#OPERATION_PERFORMANCE,positive
18:20,18:20:0,PHONE#DESIGN_FEATURES,positive
18:24,18:24:0,PHONE#DESIGN_FEATURES,negative
18:30,18:30:0,SOFTWARE#OPERATION_PERFORMANCE,negative
18:38,18:38:0,SOFTWARE#OPERATION_PERFORMANCE,negative
18:47,18:47:0,DISPLAY#DESIGN_FEATURES,positive
18:48,18:48:0,OS#DESIGN_FEATURES,positive
18:49,18:49:0,MULTIMEDIA_DEVICES#OPERATION_PERFORMANCE,positive
18:53,18:53:0,SOFTWARE#DESIGN_FEATURES,positive
19:4,19:4:0,PHONE#DESIGN_FEATURES,positive
19:5,19:5:0,PHONE#DESIGN_FEATURES,positive
19:6,19:6:0,HARDWARE#DESIGN_FEATURES,positive
19:7,19:7:0,KEYBOARD#DESIGN_FEATURES,positive
19:8,19:8:0,MULTIMEDIA_DEVICES#DESIGN_FEATURES,positive
19:9,19:9:0,PHONE#DESIGN_FEATURES,positive
19:20,19:20:0,MULTIMEDIA_DEVICES#OPERATION_PERFORMANCE,positive
19:25,19:25:0,DISPLAY#OPERATION_PERFORMANCE,positive
19:35,19:35:0,SOFTWARE#DESIGN_FEATURES,positive
19:37,19:37:0,MULTIMEDIA_DEVICES#DESIGN_FEATURES,positive
19:40,19:40:0,SOFTWARE#OPERATION_PERFORMANCE,positive
19:51,19:51:0,SOFTWARE#OPERATION_PERFORMANCE,positive
19:55,19:55:0,BATTERY#OPERATION_PERFORMANCE,negative
19:56,19:56:0,OS#USABILITY,negative
20:9,20:9:0,DISPLAY#OPERATION_PERFORMANCE,positive
20:35,20:35:0,BATTERY#OPERATION_PERFORMANCE,positive
20:45,20:45:0,DISPLAY#QUALITY,positive
21:3,21:3:0,MULTIMEDIA_DEVICES#QUALITY,negative
21:4,21:4:0,HARDWARE#OPERATION_PERFORMANCE,negative
21:7,21:7:0,BATTERY#QUALITY,negative
21:9,21:9:0,MULTIMEDIA_DEVICES#QUALITY,positive
21:10,21:10:0,PHONE#QUALITY,positive
21:12,21:12:0,PHONE#PRICE,negative
22:12,22:12:0,BATTERY#QUALITY,negative
22:15,22:15:0,DISPLAY#DESIGN_FEATURES,positive
22:16,22:16:0,PHONE#OPERATION_PERFORMANCE,positive
22:17,22:17:0,BATTERY#OPERATION_PERFORMANCE,negative
22:31,22:31:0,HARDWARE#QUALITY,negative
22:35,22:35:0,PHONE#OPERATION_PERFORMANCE,negative
23:6,23:6:0,PHONE#DESIGN_FEATURES,positive
23:8,23:8:0,HARDWARE#DESIGN_FEATURES,positive
23:9,23:9:0,DISPLAY#QUALITY,positive
23:12,23:12:0,MULTIMEDIA_DEVICES#QUALITY,positive
23:13,23:13:0,DISPLAY#DESIGN_FEATURES,positive
23:18,23:18:0,CPU#QUALITY,positive
23:20,23:20:0,SOFTWARE#OPERATION_PERFORMANCE,positive
23:23,23:23:0,PHONE#OPERATION_PERFORMANCE,positive
23:27,23:27:0,MULTIMEDIA_DEVICES#OPERATION_PERFORMANCE,positive
23:28,23:28:0,PHONE#OPERATION_PERFORMANCE,positive
23:30,23:30:0,MULTIMEDIA_DEVICES#OPERATION_PERFORMANCE,positive
23:32,23:32:0,MULTIMEDIA_DEVICES#OPERATION_PERFORMANCE,negative
23:35,23:35:0,MULTIMEDIA_DEVICES#DESIGN_FEATURES,positive
23:37,23:37:0,MULTIMEDIA_DEVICES#OPERATION_PERFORMANCE,positive
24:6,24:6:0,PHONE#OPERATION_PERFORMANCE,positive
24:7,24:7:0,PHONE#OPERATION_PERFORMANCE,positive
24:8,24:8:0,DISPLAY#OPERATION_PERFORMANCE,positive
24:9,24:9:0,PHONE#OPERATION_PERFORMANCE,positive
24:10,24:10:0,SOFTWARE#DESIGN_FEATURES,positive
24:15,24:15:0,DISPLAY#OPERATION_PERFORMANCE,positive
24:23,24:23:0,PHONE#OPERATION_PERFORMANCE,positive
24:26,24:26:0,OS#OPERATION_PERFORMANCE,negative
24:28,24:28:0,DISPLAY#QUALITY,negative
24:35,24:35:0,BATTERY#QUALITY,negative
25:2,25:2:0,OS#OPERATION_PERFORMANCE,negative
25:5,25:5:0,DISPLAY#QUALITY,positive
25:9,25:9:0,PHONE#OPERATION_PERFORMANCE,negative
25:18,25:18:0,MULTIMEDIA_DEVICES#OPERATION_PERFORMANCE,negative
25:64,25:64:0,BATTERY#QUALITY,negative
26:9,26:9:0,PHONE#DESIGN_FEATURES,positive
26:11,26:11:0,PHONE#OPERATION_PERFORMANCE,positive
26:12,26:12:0,MULTIMEDIA_DEVICES#QUALITY,positive
27:0,27:0:0,DISPLAY#QUALITY,positive
27:16,27:16:0,MULTIMEDIA_DEVICES#DESIGN_FEATURES,positive
27:19,27:19:0,DISPLAY#QUALITY,positive
27:23,27:23:0,DISPLAY#QUALITY,positive
27:29,27:29:0,PHONE#GENERAL,positive
27:30,27:30:0,OS#DESIGN_FEATURES,positive
27:32,27:32:0,PHONE#OPERATION_PERFORMANCE,positive
27:49,27:49:0,PHONE#OPERATION_PERFORMANCE,positive
28:3,28:3:0,DISPLAY#QUALITY,positive
28:4,28:4:0,DISPLAY#QUALITY,positive
28:5,28:5:0,DISPLAY#QUALITY,positive
28:6,28:6:0,DISPLAY#DESIGN_FEATURES,positive
28:8,28:8:0,SOFTWARE#OPERATION_PERFORMANCE,positive
28:10,28:10:0,OS#DESIGN_FEATURES,positive
28:11,28:11:0,PHONE#DESIGN_FEATURES,negative
28:16,28:16:0,PHONE#OPERATION_PERFORMANCE,positive
28:24,28:24:0,OS#OPERATION_PERFORMANCE,positive
28:25,28:25:0,SOFTWARE#OPERATION_PERFORMANCE,positive
28:26,28:26:0,OS#DESIGN_FEATURES,positive
28:36,28:36:0,KEYBOARD#OPERATION_PERFORMANCE,negative
29:15,29:15:0,DISPLAY#QUALITY,positive
29:19,29:19:0,DISPLAY#QUALITY,positive
29:24,29:24:0,SOFTWARE#OPERATION_PERFORMANCE,positive
29:27,29:27:0,MULTIMEDIA_DEVICES#DESIGN_FEATURES,positive
29:35,29:35:0,OS#DESIGN_FEATURES,negative
29:41,29:41:0,KEYBOARD#DESIGN_FEATURES,negative
29:46,29:46:0,OS#OPERATION_PERFORMANCE,negative
30:4,30:4:0,BATTERY#QUALITY,negative
30:8,30:8:0,MULTIMEDIA_DEVICES#OPERATION_PERFORMANCE,negative
30:9,30:9:0,MULTIMEDIA_DEVICES#QUALITY,negative
30:11,30:11:0,POWER_SUPPLY#QUALITY,negative
31:4,31:4:0,PHONE#DESIGN_FEATURES,negative
31:6,31:6:0,PHONE#GENERAL,negative
32:4,32:4:0,PHONE#DESIGN_FEATURES,positive
32:5,32:5:0,PHONE#DESIGN_FEATURES,positive
32:9,32:9:0,DISPLAY#QUALITY,positive
32:10,32:10:0,DISPLAY#QUALITY,positive
32:13,32:13:0,OS#DESIGN_FEATURES,positive
32:14,32:14:0,SOFTWARE#OPERATION_PERFORMANCE,positive
32:16,32:16:0,MULTIMEDIA_DEVICES#OPERATION_PERFORMANCE,positive
32:17,32:17:0,OS#OPERATION_PERFORMANCE,positive
32:18,32:18:0,MULTIMEDIA_DEVICES#OPERATION_PERFORMANCE,positive
32:19,32:19:0,MULTIMEDIA_DEVICES#OPERATION_PERFORMANCE,positive
32:24,32:24:0,PHONE#DESIGN_FEATURES,negative
32:25,32:25:0,PHONE#DESIGN_FEATURES,negative
32:27,32:27:0,HARDWARE#QUALITY,negative
32:31,32:31:0,PHONE#OPERATION_PERFORMANCE,negative
32:32,32:32:0,KEYBOARD#OPERATION_PERFORMANCE,negative
32:35,32:35:0,SOFTWARE#OPERATION_PERFORMANCE,negative
32:37,32:37:0,DISPLAY#QUALITY,negative
32:38,32:38:0,DISPLAY#DESIGN_FEATURES,negative
32:39,32:39:0,DISPLAY#QUALITY,negative
32:40,32:40:0,SOFTWARE#DESIGN_FEATURES,negative
33:5,33:5:0,DISPLAY#DESIGN_FEATURES,positive
33:6,33:6:0,DISPLAY#QUALITY,positive
33:7,33:7:0,MULTIMEDIA_DEVICES#DESIGN_FEATURES,positive
33:8,33:8:0,SOFTWARE#DESIGN_FEATURES,positive
33:9,33:9:0,OS#OPERATION_PERFORMANCE,positive
33:12,33:12:0,MULTIMEDIA_DEVICES#QUALITY,positive
33:13,33:13:0,PHONE#CONNECTIVITY,positive
33:18,33:18:0,OS#DESIGN_FEATURES,negative
33:21,33:21:0,BATTERY#QUALITY,negative
33:22,33:22:0,SOFTWARE#QUALITY,negative
34:7,34:7:0,PHONE#DESIGN_FEATURES,negative
34:11,34:11:0,PHONE#DESIGN_FEATURES,positive
34:13,34:13:0,DISPLAY#QUALITY,positive
34:24,34:24:0,MULTIMEDIA_DEVICES#OPERATION_PERFORMANCE,negative
34:29,34:29:0,MULTIMEDIA_DEVICES#QUALITY,positive
35:13,35:13:0,BATTERY#QUALITY,negative
35:17,35:17:0,DISPLAY#QUALITY,negative
35:20,35:20:0,CPU#QUALITY,negative
35:21,35:21:0,DISPLAY#QUALITY,negative
35:22,35:22:0,DISPLAY#QUALITY,positive
35:29,35:29:0,OS#OPERATION_PERFORMANCE,positive
35:34,35:34:0,HARDWARE#OPERATION_PERFORMANCE,negative
35:36,35:36:0,DISPLAY#DESIGN_FEATURES,positive
35:37,35:37:0,PHONE#GENERAL,negative
36:15,36:15:0,DISPLAY#DESIGN_FEATURES,positive
36:21,36:21:0,PHONE#OPERATION_PERFORMANCE,positive
36:22,36:22:0,DISPLAY#QUALITY,negative
36:23,36:23:0,PHONE#DESIGN_FEATURES,negative
36:27,36:27:0,PHONE#DESIGN_FEATURES,positive
36:28,36:28:0,DISPLAY#QUALITY,positive
36:30,36:30:0,PHONE#DESIGN_FEATURES,positive
36:32,36:32:0,DISPLAY#QUALITY,positive
36:34,36:34:0,DISPLAY#QUALITY,positive
36:38,36:38:0,CPU#OPERATION_PERFORMANCE,positive
36:39,36:39:0,PHONE#DESIGN_FEATURES,negative
36:56,36:56:0,DISPLAY#QUALITY,positive
36:59,36:59:0,PHONE#OPERATION_PERFORMANCE,negative
36:63,36:63:0,PHONE#OPERATION_PERFORMANCE,negative
36:78,36:78:0,SOFTWARE#OPERATION_PERFORMANCE,negative
36:82,36:82:0,MULTIMEDIA_DEVICES#QUALITY,positive
36:84,36:84:0,CPU#OPERATION_PERFORMANCE,positive
36:85,36:85:0,PHONE#OPERATION_PERFORMANCE,positive
36:86,36:86:0,MULTIMEDIA_DEVICES#OPERATION_PERFORMANCE,negative
36:88,36:88:0,MULTIMEDIA_DEVICES#OPERATION_PERFORMANCE,negative
36:90,36:90:0,MULTIMEDIA_DEVICES#OPERATION_PERFORMANCE,positive
36:91,36:91:0,MULTIMEDIA_DEVICES#OPERATION_PERFORMANCE,positive
36:92,36:92:0,PHONE#OPERATION_PERFORMANCE,positive
36:93,36:93:0,HARDWARE#OPERATION_PERFORMANCE,positive
36:94,36:94:0,MULTIMEDIA_DEVICES#OPERATION_PERFORMANCE,negative
36:96,36:96:0,MULTIMEDIA_DEVICES#OPERATION_PERFORMANCE,negative
37:1,37:1:0,DISPLAY#QUALITY,positive
37:2,37:2:0,PHONE#OPERATION_PERFORMANCE,positive
37:3,37:3:0,MULTIMEDIA_DEVICES#OPERATION_PERFORMANCE,positive
37:4,37:4:0,PHONE#OPERATION_PERFORMANCE,positive
37:6,37:6:0,PHONE#DESIGN_FEATURES,positive
37:7,37:7:0,HARD_DISC#QUALITY,positive
37:9,37:9:0,DISPLAY#QUALITY,positive
37:22,37:22:0,DISPLAY#DESIGN_FEATURES,positive
37:23,37:23:0,PHONE#DESIGN_FEATURES,positive
37:24,37:24:0,MULTIMEDIA_DEVICES#QUALITY,positive
37:25,37:25:0,DISPLAY#QUALITY,positive
37:26,37:26:0,DISPLAY#QUALITY,positive
37:28,37:28:0,DISPLAY#QUALITY,positive
37:30,37:30:0,HARD_DISC#QUALITY,positive
37:33,37:33:0,PHONE#QUALITY,positive
37:34,37:34:0,PHONE#DESIGN_FEATURES,positive
37:38,37:38:0,DISPLAY#DESIGN_FEATURES,positive
37:39,37:39:0,DISPLAY#DESIGN_FEATURES,positive
37:40,37:40:0,OS#DESIGN_FEATURES,positive
38:4,38:4:0,DISPLAY#QUALITY,positive
38:8,38:8:0,PHONE#DESIGN_FEATURES,positive
38:9,38:9:0,DISPLAY#OPERATION_PERFORMANCE,positive
38:10,38:10:0,PHONE#OPERATION_PERFORMANCE,positive
38:11,38:11:0,PHONE#OPERATION_PERFORMANCE,positive
38:12,38:12:0,PHONE#DESIGN_FEATURES,positive
38:13,38:13:0,HARDWARE#DESIGN_FEATURES,positive
38:14,38:14:0,SOFTWARE#OPERATION_PERFORMANCE,positive
38:16,38:16:0,SOFTWARE#OPERATION_PERFORMANCE,positive
38:18,38:18:0,MULTIMEDIA_DEVICES#OPERATION_PERFORMANCE,positive
38:19,38:19:0,DISPLAY#OPERATION_PERFORMANCE,positive
39:18,39:18:0,DISPLAY#QUALITY,positive
39:19,39:19:0,DISPLAY#DESIGN_FEATURES,positive
39:20,39:20:0,PHONE#DESIGN_FEATURES,positive
39:21,39:21:0,DISPLAY#DESIGN_FEATURES,positive
39:30,39:30:0,CPU#OPERATION_PERFORMANCE,positive
39:34,39:34:0,SOFTWARE#OPERATION_PERFORMANCE,positive
39:40,39:40:0,CPU#OPERATION_PERFORMANCE,positive
39:41,39:41:0,DISPLAY#DESIGN_FEATURES,positive
39:42,39:42:0,BATTERY#QUALITY,positive
39:49,39:49:0,SOFTWARE#DESIGN_FEATURES,positive
39:57,39:57:0,MULTIMEDIA_DEVICES#GENERAL,positive
39:63,39:63:0,PHONE#QUALITY,negative
40:40,40:40:0,MULTIMEDIA_DEVICES#OPERATION_PERFORMANCE,positive
40:41,40:41:0,DISPLAY#DESIGN_FEATURES,positive
40:43,40:43:0,OS#OPERATION_PERFORMANCE,positive
40:55,40:55:0,PHONE#OPERATION_PERFORMANCE,negative
40:64,40:64:0,HARDWARE#OPERATION_PERFORMANCE,negative
40:73,40:73:0,PHONE#CONNECTIVITY,negative
40:74,40:74:0,PHONE#CONNECTIVITY,negative
41:6,41:6:0,PHONE#DESIGN_FEATURES,negative
41:19,41:19:0,SOFTWARE#DESIGN_FEATURES,positive
41:20,41:20:0,DISPLAY#DESIGN_FEATURES,positive
41:33,41:33:0,PHONE#DESIGN_FEATURES,positive
41:35,41:35:0,PHONE#DESIGN_FEATURES,positive
41:43,41:43:0,SOFTWARE#DESIGN_FEATURES,negative
41:44,41:44:0,DISPLAY#QUALITY,negative
41:50,41:50:0,MULTIMEDIA_DEVICES#OPERATION_PERFORMANCE,positive
41:52,41:52:0,MULTIMEDIA_DEVICES#OPERATION_PERFORMANCE,positive
42:10,42:10:0,DISPLAY#DESIGN_FEATURES,negative
42:16,42:16:0,PHONE#DESIGN_FEATURES,negative
42:20,42:20:0,DISPLAY#DESIGN_FEATURES,negative
42:27,42:27:0,DISPLAY#DESIGN_FEATURES,negative
42:38,42:38:0,PHONE#OPERATION_PERFORMANCE,positive
42:40,42:40:0,DISPLAY#QUALITY,negative
43:13,43:13:0,BATTERY#QUALITY,negative
43:28,43:28:0,PHONE#CONNECTIVITY,positive
43:30,43:30:0,HARDWARE#DESIGN_FEATURES,positive
43:31,43:31:0,HARDWARE#DESIGN_FEATURES,negative
43:33,43:33:0,MULTIMEDIA_DEVICES#DESIGN_FEATURES,negative
43:35,43:35:0,HARDWARE#OPERATION_PERFORMANCE,positive
43:37,43:37:0,HARDWARE#DESIGN_FEATURES,positive
43:39,43:39:0,KEYBOARD#DESIGN_FEATURES,positive
43:40,43:40:0,KEYBOARD#OPERATION_PERFORMANCE,negative
43:41,43:41:0,KEYBOARD#USABILITY,negative
43:43,43:43:0,PHONE#QUALITY,negative
44:3,44:3:0,MULTIMEDIA_DEVICES#QUALITY,positive
44:4,44:4:0,HARDWARE#QUALITY,positive
44:5,44:5:0,SOFTWARE#DESIGN_FEATURES,positive
44:6,44:6:0,PHONE#OPERATION_PERFORMANCE,positive
44:9,44:9:0,CPU#OPERATION_PERFORMANCE,positive
44:12,44:12:0,MULTIMEDIA_DEVICES#QUALITY,positive
44:13,44:13:0,HARDWARE#QUALITY,positive
44:14,44:14:0,PHONE#QUALITY,positive
44:15,44:15:0,SOFTWARE#QUALITY,positive
44:18,44:18:0,OS#CONNECTIVITY,positive
44:19,44:19:0,OS#DESIGN_FEATURES,positive
44:22,44:22:0,DISPLAY#OPERATION_PERFORMANCE,negative
44:25,44:25:0,PHONE#OPERATION_PERFORMANCE,negative
44:29,44:29:0,HARDWARE#DESIGN_FEATURES,negative
44:33,44:33:0,SOFTWARE#DESIGN_FEATURES,negative
44:34,44:34:0,PHONE#OPERATION_PERFORMANCE,positive
45:6,45:6:0,DISPLAY#QUALITY,positive
45:8,45:8:0,HARDWARE#QUALITY,negative
45:15,45:15:0,SOFTWARE#DESIGN_FEATURES,positive
45:21,45:21:0,SOFTWARE#DESIGN_FEATURES,negative
45:29,45:29:0,SOFTWARE#OPERATION_PERFORMANCE,positive
45:32,45:32:0,OS#OPERATION_PERFORMANCE,negative
45:34,45:34:0,PHONE#OPERATION_PERFORMANCE,negative
45:36,45:36:0,PHONE#DESIGN_FEATURES,positive
45:37,45:37:0,PHONE#GENERAL,positive
46:2,46:2:0,DISPLAY#DESIGN_FEATURES,positive
46:3,46:3:0,PHONE#DESIGN_FEATURES,positive
46:4,46:4:0,DISPLAY#QUALITY,positive
46:6,46:6:0,KEYBOARD#OPERATION_PERFORMANCE,positive
46:13,46:13:0,SOFTWARE#CONNECTIVITY,positive
46:14,46:14:0,PHONE#CONNECTIVITY,positive
46:21,46:21:0,HARD_DISC#QUALITY,positive
46:23,46:23:0,SOFTWARE#OPERATION_PERFORMANCE,positive
46:25,46:25:0,BATTERY#OPERATION_PERFORMANCE,positive
46:26,46:26:0,PHONE#OPERATION_PERFORMANCE,positive
46:28,46:28:0,PHONE#OPERATION_PERFORMANCE,negative
46:30,46:30:0,SOFTWARE#DESIGN_FEATURES,negative
46:40,46:40:0,PHONE#DESIGN_FEATURES,negative
46:47,46:47:0,SOFTWARE#QUALITY,negative
46:48,46:48:0,PHONE#OPERATION_PERFORMANCE,negative
46:52,46:52:0,MULTIMEDIA_DEVICES#OPERATION_PERFORMANCE,negative
46:54,46:54:0,DISPLAY#QUALITY,negative
46:56,46:56:0,KEYBOARD#OPERATION_PERFORMANCE,negative
46:60,46:60:0,POWER_SUPPLY#QUALITY,negative
47:3,47:3:0,PHONE#OPERATION_PERFORMANCE,positive
47:4,47:4:0,PHONE#PRICE,positive
47:5,47:5:0,HARD_DISC#OPERATION_PERFORMANCE,positive
47:7,47:7:0,PHONE#CONNECTIVITY,negative
47:11,47:11:0,BATTERY#QUALITY,negative
47:12,47:12:0,PHONE#QUALITY,negative
47:13,47:13:0,HARDWARE#CONNECTIVITY,negative
47:14,47:14:0,MULTIMEDIA_DEVICES#CONNECTIVITY,negative
47:15,47:15:0,PHONE#OPERATION_PERFORMANCE,negative
47:16,47:16:0,PHONE#OPERATION_PERFORMANCE,negative
48:3,48:3:0,DISPLAY#QUALITY,positive
48:6,48:6:0,PHONE#OPERATION_PERFORMANCE,positive
48:8,48:8:0,BATTERY#QUALITY,positive
48:13,48:13:0,SOFTWARE#DESIGN_FEATURES,negative
48:15,48:15:0,SOFTWARE#OPERATION_PERFORMANCE,negative
48:16,48:16:0,POWER_SUPPLY#CONNECTIVITY,negative
48:18,48:18:0,KEYBOARD#DESIGN_FEATURES,negative
48:24,48:24:0,DISPLAY#OPERATION_PERFORMANCE,negative
48:25,48:25:0,MULTIMEDIA_DEVICES#CONNECTIVITY,negative
49:7,49:7:0,DISPLAY#QUALITY,positive
49:8,49:8:0,PHONE#DESIGN_FEATURES,positive
49:10,49:10:0,HARDWARE#OPERATION_PERFORMANCE,positive
49:13,49:13:0,SOFTWARE#OPERATION_PERFORMANCE,positive
49:20,49:20:0,SOFTWARE#DESIGN_FEATURES,negative
49:21,49:21:0,MULTIMEDIA_DEVICES#QUALITY,negative
50:1,50:1:0,DISPLAY#DESIGN_FEATURES,positive
50:3,50:3:0,DISPLAY#OPERATION_PERFORMANCE,negative
50:4,50:4:0,KEYBOARD#OPERATION_PERFORMANCE,negative
50:5,50:5:0,DISPLAY#QUALITY,negative
50:6,50:6:0,KEYBOARD#OPERATION_PERFORMANCE,negative
50:7,50:7:0,MULTIMEDIA_DEVICES#OPERATION_PERFORMANCE,negative
50:8,50:8:0,MULTIMEDIA_DEVICES#QUALITY,negative
50:9,50:9:0,MULTIMEDIA_DEVICES#QUALITY,negative
50:11,50:11:0,HARDWARE#DESIGN_FEATURES,negative
51:1,51:1:0,PHONE#PRICE,positive
51:5,51:5:0,MULTIMEDIA_DEVICES#QUALITY,negative
51:10,51:10:0,BATTERY#QUALITY,negative
51:13,51:13:0,PHONE#QUALITY,negative
51:17,51:17:0,MEMORY#QUALITY,negative
51:21,51:21:0,PHONE#DESIGN_FEATURES,positive
51:22,51:22:0,SOFTWARE#DESIGN_FEATURES,positive
51:23,51:23:0,OS#DESIGN_FEATURES,positive
51:24,51:24:0,SOFTWARE#DESIGN_FEATURES,positive
52:15,52:15:0,OS#DESIGN_FEATURES,negative
53:36,53:36:0,CPU#OPERATION_PERFORMANCE,positive
53:38,53:38:0,PHONE#DESIGN_FEATURES,negative
54:15,54:15:0,SOFTWARE#DESIGN_FEATURES,negative
54:24,54:24:0,MEMORY#QUALITY,positive
54:30,54:30:0,HARDWARE#OPERATION_PERFORMANCE,negative
54:43,54:43:0,SOFTWARE#OPERATION_PERFORMANCE,positive
54:45,54:45:0,DISPLAY#QUALITY,positive
54:46,54:46:0,DISPLAY#QUALITY,positive
54:50,54:50:0,DISPLAY#QUALITY,positive
54:52,54:52:0,DISPLAY#OPERATION_PERFORMANCE,positive
54:53,54:53:0,CPU#OPERATION_PERFORMANCE,positive
54:63,54:63:0,PHONE#GENERAL,positive
54:64,54:64:0,PHONE#QUALITY,positive
54:65,54:65:0,HARDWARE#QUALITY,positive
54:66,54:66:0,MULTIMEDIA_DEVICES#OPERATION_PERFORMANCE,positive
54:67,54:67:0,SOFTWARE#DESIGN_FEATURES,positive
54:79,54:79:0,SOFTWARE#OPERATION_PERFORMANCE,negative
54:85,54:85:0,OS#OPERATION_PERFORMANCE,negative
54:88,54:88:0,DISPLAY#DESIGN_FEATURES,positive
54:91,54:91:0,BATTERY#QUALITY,positive
55:3,55:3:0,PHONE#CONNECTIVITY,negative
55:19,55:19:0,DISPLAY#DESIGN_FEATURES,positive
55:24,55:24:0,PHONE#DESIGN_FEATURES,positive
55:25,55:25:0,PHONE#DESIGN_FEATURES,positive
55:34,55:34:0,MULTIMEDIA_DEVICES#QUALITY,positive
55:37,55:37:0,MULTIMEDIA_DEVICES#QUALITY,positive
55:38,55:38:0,MULTIMEDIA_DEVICES#OPERATION_PERFORMANCE,negative
55:41,55:41:0,MULTIMEDIA_DEVICES#OPERATION_PERFORMANCE,positive
55:48,55:48:0,PHONE#CONNECTIVITY,positive
55:50,55:50:0,MULTIMEDIA_DEVICES#CONNECTIVITY,positive
55:55,55:55:0,BATTERY#QUALITY,negative
55:65,55:65:0,HARDWARE#QUALITY,negative
55:68,55:68:0,OS#DESIGN_FEATURES,positive
55:74,55:74:0,PHONE#PRICE,positive
55:77,55:77:0,PHONE#OPERATION_PERFORMANCE,negative
55:79,55:79:0,PHONE#OPERATION_PERFORMANCE,negative
55:80,55:80:0,MULTIMEDIA_DEVICES#OPERATION_PERFORMANCE,negative
55:81,55:81:0,MULTIMEDIA_DEVICES#OPERATION_PERFORMANCE,negative
55:83,55:83:0,DISPLAY#OPERATION_PERFORMANCE,positive
56:3,56:3:0,DISPLAY#DESIGN_FEATURES,positive
56:4,56:4:0,DISPLAY#QUALITY,positive
56:10,56:10:0,DISPLAY#QUALITY,positive
56:16,56:16:0,CPU#OPERATION_PERFORMANCE,positive
56:42,56:42:0,BATTERY#QUALITY,negative
56:47,56:47:0,BATTERY#OPERATION_PERFORMANCE,positive
56:52,56:52:0,PHONE#MISCELLANEOUS,positive
57:5,57:5:0,BATTERY#OPERATION_PERFORMANCE,negative
57:8,57:8:0,PHONE#DESIGN_FEATURES,negative
57:9,57:9:0,HARDWARE#QUALITY,negative
57:10,57:10:0,MULTIMEDIA_DEVICES#QUALITY,negative
57:11,57:11:0,DISPLAY#QUALITY,negative
58:3,58:3:0,PHONE#OPERATION_PERFORMANCE,negative
58:7,58:7:0,SOFTWARE#OPERATION_PERFORMANCE,negative
58:8,58:8:0,PORTS#CONNECTIVITY,negative
58:11,58:11:0,HARDWARE#CONNECTIVITY,negative
59:2,59:2:0,DISPLAY#QUALITY,positive
59:3,59:3:0,PHONE#DESIGN_FEATURES,positive
59:4,59:4:0,OS#OPERATION_PERFORMANCE,positive
59:6,59:6:0,BATTERY#OPERATION_PERFORMANCE,positive
59:9,59:9:0,OS#OPERATION_PERFORMANCE,negative
60:4,60:4:0,PHONE#DESIGN_FEATURES,positive
60:6,60:6:0,HARDWARE#DESIGN_FEATURES,positive
60:7,60:7:0,PHONE#DESIGN_FEATURES,positive
60:10,60:10:0,OS#OPERATION_PERFORMANCE,positive
60:11,60:11:0,DISPLAY#QUALITY,positive
60:17,60:17:0,OS#OPERATION_PERFORMANCE,positive
60:18,60:18:0,OS#OPERATION_PERFORMANCE,positive
60:20,60:20:0,KEYBOARD#OPERATION_PERFORMANCE,negative
60:21,60:21:0,KEYBOARD#OPERATION_PERFORMANCE,negative
60:22,60:22:0,OS#OPERATION_PERFORMANCE,negative
60:25,60:25:0,BATTERY#QUALITY,negative
61:4,61:4:0,HARDWARE#QUALITY,negative
61:6,61:6:0,MULTIMEDIA_DEVICES#QUALITY,negative
61:7,61:7:0,MULTIMEDIA_DEVICES#QUALITY,negative
61:8,61:8:0,SOFTWARE#DESIGN_FEATURES,negative
61:12,61:12:0,PHONE#CONNECTIVITY,positive
61:18,61:18:0,POWER_SUPPLY#QUALITY,negative
62:4,62:4:0,DISPLAY#DESIGN_FEATURES,positive
62:5,62:5:0,DISPLAY#QUALITY,positive
62:7,62:7:0,BATTERY#OPERATION_PERFORMANCE,positive
62:24,62:24:0,OS#OPERATION_PERFORMANCE,negative
62:25,62:25:0,SOFTWARE#QUALITY,negative
62:33,62:33:0,HARDWARE#QUALITY,negative
62:37,62:37:0,SOFTWARE#QUALITY,positive
62:38,62:38:0,SOFTWARE#OPERATION_PERFORMANCE,positive
62:41,62:41:0,MULTIMEDIA_DEVICES#OPERATION_PERFORMANCE,positive
62:43,62:43:0,MULTIMEDIA_DEVICES#OPERATION_PERFORMANCE,positive
62:44,62:44:0,MULTIMEDIA_DEVICES#OPERATION_PERFORMANCE,positive
62:45,62:45:0,MULTIMEDIA_DEVICES#OPERATION_PERFORMANCE,positive
62:52,62:52:0,MULTIMEDIA_DEVICES#OPERATION_PERFORMANCE,positive
62:60,62:60:0,PHONE#OPERATION_PERFORMANCE,negative
62:61,62:61:0,DISPLAY#OPERATION_PERFORMANCE,negative
62:64,62:64:0,SOFTWARE#OPERATION_PERFORMANCE,negative
63:5,63:5:0,DISPLAY#QUALITY,negative
63:10,63:10:0,PHONE#QUALITY,negative
63:11,63:11:0,PHONE#QUALITY,negative
63:12,63:12:0,PHONE#CONNECTIVITY,negative
64:1,64:1:0,BATTERY#OPERATION_PERFORMANCE,negative
64:16,64:16:0,BATTERY#DESIGN_FEATURES,negative
64:17,64:17:0,KEYBOARD#DESIGN_FEATURES,negative
64:23,64:23:0,OS#OPERATION_PERFORMANCE,negative
64:34,64:34:0,OS#OPERATION_PERFORMANCE,positive
64:37,64:37:0,PHONE#DESIGN_FEATURES,positive
65:1,65:1:0,PHONE#QUALITY,positive
65:3,65:3:0,SOFTWARE#OPERATION_PERFORMANCE,negative
65:7,65:7:0,MULTIMEDIA_DEVICES#QUALITY,negative
65:10,65:10:0,SOFTWARE#QUALITY,negative
65:11,65:11:0,MULTIMEDIA_DEVICES#DESIGN_FEATURES,negative
66:1,66:1:0,DISPLAY#QUALITY,positive
66:2,66:2:0,DISPLAY#QUALITY,positive
66:3,66:3:0,OS#OPERATION_PERFORMANCE,positive
66:6,66:6:0,MULTIMEDIA_DEVICES#QUALITY,positive
66:8,66:8:0,MULTIMEDIA_DEVICES#USABILITY,negative
66:9,66:9:0,MULTIMEDIA_DEVICES#QUALITY,negative
66:10,66:10:0,PHONE#DESIGN_FEATURES,positive
66:11,66:11:0,PHONE#OPERATION_PERFORMANCE,positive
66:12,66:12:0,HARDWARE#OPERATION_PERFORMANCE,negative
67:3,67:3:0,DISPLAY#QUALITY,negative
67:5,67:5:0,DISPLAY#OPERATION_PERFORMANCE,positive
67:8,67:8:0,PHONE#CONNECTIVITY,positive
67:9,67:9:0,MULTIMEDIA_DEVICES#USABILITY,positive
67:12,67:12:0,MULTIMEDIA_DEVICES#CONNECTIVITY,negative
67:17,67:17:0,SOFTWARE#OPERATION_PERFORMANCE,negative
67:24,67:24:0,OS#OPERATION_PERFORMANCE,positive
67:25,67:25:0,DISPLAY#OPERATION_PERFORMANCE,positive
67:29,67:29:0,PHONE#DESIGN_FEATURES,negative
68:4,68:4:0,KEYBOARD#DESIGN_FEATURES,positive
68:6,68:6:0,DISPLAY#GENERAL,negative
68:13,68:13:0,DISPLAY#OPERATION_PERFORMANCE,positive
68:14,68:14:0,PHONE#OPERATION_PERFORMANCE,positive
68:17,68:17:0,MULTIMEDIA_DEVICES#QUALITY,negative
68:26,68:26:0,PHONE#CONNECTIVITY,negative
68:27,68:27:0,PHONE#CONNECTIVITY,negative
69:10,69:10:0,DISPLAY#QUALITY,positive
69:11,69:11:0,DISPLAY#QUALITY,positive
69:12,69:12:0,OS#DESIGN_FEATURES,positive
69:13,69:13:0,PHONE#DESIGN_FEATURES,positive
69:14,69:14:0,DISPLAY#QUALITY,positive
69:17,69:17:0,OS#OPERATION_PERFORMANCE,positive
69:18,69:18:0,MULTIMEDIA_DEVICES#USABILITY,positive
69:19,69:19:0,MULTIMEDIA_DEVICES#DESIGN_FEATURES,negative
69:20,69:20:0,PHONE#OPERATION_PERFORMANCE,negative
69:22,69:22:0,MULTIMEDIA_DEVICES#DESIGN_FEATURES,negative
69:24,69:24:0,BATTERY#QUALITY,negative
70:5,70:5:0,DISPLAY#DESIGN_FEATURES,positive
70:6,70:6:0,DISPLAY#QUALITY,positive
70:7,70:7:0,DISPLAY#QUALITY,positive
70:10,70:10:0,PHONE#OPERATION_PERFORMANCE,positive
70:12,70:12:0,PHONE#QUALITY,positive
70:13,70:13:0,HARDWARE#QUALITY,positive
70:23,70:23:0,PHONE#OPERATION_PERFORMANCE,negative
71:6,71:6:0,PHONE#QUALITY,positive
71:9,71:9:0,PHONE#QUALITY,positive
71:10,71:10:0,PHONE#OPERATION_PERFORMANCE,positive
71:11,71:11:0,DISPLAY#DESIGN_FEATURES,positive
71:12,71:12:0,MULTIMEDIA_DEVICES#QUALITY,positive
71:13,71:13:0,PHONE#CONNECTIVITY,positive
71:14,71:14:0,MULTIMEDIA_DEVICES#USABILITY,positive
71:15,71:15:0,HARDWARE#QUALITY,positive
71:16,71:16:0,PHONE#OPERATION_PERFORMANCE,positive
71:17,71:17:0,SUPPORT#MISCELLANEOUS,positive
71:19,71:19:0,BATTERY#USABILITY,positive
71:24,71:24:0,SOFTWARE#OPERATION_PERFORMANCE,negative
71:28,71:28:0,BATTERY#USABILITY,negative
71:30,71:30:0,SOFTWARE#OPERATION_PERFORMANCE,negative
71:33,71:33:0,HARDWARE#GENERAL,negative
71:34,71:34:0,MULTIMEDIA_DEVICES#USABILITY,negative
71:35,71:35:0,PHONE#DESIGN_FEATURES,negative
72:2,72:2:0,HARDWARE#USABILITY,positive
72:3,72:3:0,PHONE#OPERATION_PERFORMANCE,positive
72:6,72:6:0,MULTIMEDIA_DEVICES#QUALITY,negative
72:8,72:8:0,DISPLAY#DESIGN_FEATURES,negative
72:9,72:9:0,KEYBOARD#DESIGN_FEATURES,negative
72:12,72:12:0,BATTERY#QUALITY,negative
73:46,73:46:0,DISPLAY#DESIGN_FEATURES,positive
73:50,73:50:0,DISPLAY#QUALITY,positive
73:54,73:54:0,PHONE#OPERATION_PERFORMANCE,negative
73:59,73:59:0,DISPLAY#QUALITY,negative
73:65,73:65:0,PHONE#QUALITY,negative
73:93,73:93:0,DISPLAY#DESIGN_FEATURES,positive
73:112,73:112:0,POWER_SUPPLY#GENERAL,negative
73:116,73:116:0,PHONE#OPERATION_PERFORMANCE,negative
73:120,73:120:0,CPU#QUALITY,negative
73:128,73:128:0,MULTIMEDIA_DEVICES#QUALITY,positive
73:131,73:131:0,MULTIMEDIA_DEVICES#QUALITY,positive
73:138,73:138:0,PHONE#OPERATION_PERFORMANCE,positive
73:157,73:157:0,DISPLAY#QUALITY,negative
73:160,73:160:0,DISPLAY#QUALITY,negative
73:161,73:161:0,DISPLAY#GENERAL,positive
73:162,73:162:0,DISPLAY#QUALITY,positive
73:163,73:163:0,DISPLAY#QUALITY,positive
73:168,73:168:0,DISPLAY#QUALITY,negative
73:170,73:170:0,DISPLAY#QUALITY,positive
74:5,74:5:0,PHONE#OPERATION_PERFORMANCE,positive
74:7,74:7:0,HARDWARE#DESIGN_FEATURES,negative
74:9,74:9:0,MULTIMEDIA_DEVICES#DESIGN_FEATURES,negative
74:11,74:11:0,KEYBOARD#DESIGN_FEATURES,negative
74:12,74:12:0,DISPLAY#DESIGN_FEATURES,negative
74:13,74:13:0,PHONE#QUALITY,negative
74:14,74:14:0,DISPLAY#QUALITY,positive
74:15,74:15:0,KEYBOARD#DESIGN_FEATURES,positive
74:17,74:17:0,KEYBOARD#DESIGN_FEATURES,negative
74:20,74:20:0,PHONE#OPERATION_PERFORMANCE,positive
74:25,74:25:0,MULTIMEDIA_DEVICES#QUALITY,positive
74:26,74:26:0,PHONE#CONNECTIVITY,negative
74:30,74:30:0,MULTIMEDIA_DEVICES#USABILITY,positive
74:33,74:33:0,DISPLAY#QUALITY,positive
74:34,74:34:0,DISPLAY#QUALITY,positive
74:36,74:36:0,OS#OPERATION_PERFORMANCE,positive
75:1,75:1:0,DISPLAY#DESIGN_FEATURES,positive
75:3,75:3:0,CPU#QUALITY,positive
75:7,75:7:0,PHONE#USABILITY,positive
75:8,75:8:0,PHONE#CONNECTIVITY,positive
75:11,75:11:0,SOFTWARE#OPERATION_PERFORMANCE,negative
75:16,75:16:0,PHONE#OPERATION_PERFORMANCE,positive
75:17,75:17:0,BATTERY#QUALITY,positive
76:2,76:2:0,HARDWARE#QUALITY,positive
76:3,76:3:0,HARDWARE#QUALITY,positive
76:4,76:4:0,PHONE#QUALITY,positive
76:20,76:20:0,OS#OPERATION_PERFORMANCE,negative
76:23,76:23:0,SOFTWARE#OPERATION_PERFORMANCE,negative
76:25,76:25:0,OS#OPERATION_PERFORMANCE,negative
76:26,76:26:0,PHONE#OPERATION_PERFORMANCE,negative
77:2,77:2:0,PHONE#QUALITY,negative
77:5,77:5:0,OS#OPERATION_PERFORMANCE,positive
77:15,77:15:0,DISPLAY#QUALITY,positive
77:17,77:17:0,OS#OPERATION_PERFORMANCE,positive
77:21,77:21:0,PHONE#QUALITY,negative
77:22,77:22:0,DISPLAY#DESIGN_FEATURES,negative
77:29,77:29:0,SOFTWARE#OPERATION_PERFORMANCE,negative
77:43,77:43:0,SOFTWARE#OPERATION_PERFORMANCE,negative
77:48,77:48:0,OS#OPERATION_PERFORMANCE,negative
78:2,78:2:0,PHONE#QUALITY,negative
78:19,78:19:0,MULTIMEDIA_DEVICES#OPERATION_PERFORMANCE,negative
78:20,78:20:0,MULTIMEDIA_DEVICES#OPERATION_PERFORMANCE,negative
78:25,78:25:0,MULTIMEDIA_DEVICES#OPERATION_PERFORMANCE,negative
78:43,78:43:0,OS#DESIGN_FEATURES,positive
78:44,78:44:0,SOFTWARE#OPERATION_PERFORMANCE,positive
78:49,78:49:0,PHONE#QUALITY,positive
78:61,78:61:0,PHONE#DESIGN_FEATURES,positive
78:62,78:62:0,SOFTWARE#OPERATION_PERFORMANCE,positive
78:63,78:63:0,OS#DESIGN_FEATURES,positive
78:67,78:67:0,SOFTWARE#OPERATION_PERFORMANCE,positive
79:6,79:6:0,BATTERY#QUALITY,negative
80:2,80:2:0,DISPLAY#QUALITY,positive
80:5,80:5:0,CPU#QUALITY,positive
80:10,80:10:0,DISPLAY#QUALITY,positive
80:12,80:12:0,DISPLAY#QUALITY,positive
80:13,80:13:0,PHONE#QUALITY,positive
80:16,80:16:0,MULTIMEDIA_DEVICES#OPERATION_PERFORMANCE,positive
80:21,80:21:0,PHONE#CONNECTIVITY,positive
80:23,80:23:0,HARDWARE#OPERATION_PERFORMANCE,negative
80:26,80:26:0,PHONE#QUALITY,positive
80:28,80:28:0,MULTIMEDIA_DEVICES#USABILITY,positive
80:34,80:34:0,KEYBOARD#OPERATION_PERFORMANCE,positive
80:35,80:35:0,PHONE#OPERATION_PERFORMANCE,positive
80:38,80:38:0,OS#OPERATION_PERFORMANCE,positive
80:41,80:41:0,PORTS#CONNECTIVITY,negative
80:45,80:45:0,PHONE#OPERATION_PERFORMANCE,positive
80:47,80:47:0,POWER_SUPPLY#QUALITY,negative
81:7,81:7:0,PHONE#OPERATION_PERFORMANCE,positive
81:8,81:8:0,DISPLAY#QUALITY,negative
81:9,81:9:0,SOFTWARE#QUALITY,negative
81:12,81:12:0,MULTIMEDIA_DEVICES#USABILITY,positive
82:6,82:6:0,SOFTWARE#OPERATION_PERFORMANCE,negative
82:11,82:11:0,SOFTWARE#OPERATION_PERFORMANCE,negative
82:19,82:19:0,MULTIMEDIA_DEVICES#USABILITY,positive
82:26,82:26:0,PHONE#OPERATION_PERFORMANCE,positive
82:27,82:27:0,MULTIMEDIA_DEVICES#QUALITY,positive
82:32,82:32:0,PHONE#OPERATION_PERFORMANCE,negative
82:33,82:33:0,PHONE#OPERATION_PERFORMANCE,negative
83:2,83:2:0,PHONE#QUALITY,negative
83:8,83:8:0,BATTERY#QUALITY,negative
84:14,84:14:0,PHONE#QUALITY,negative
84:22,84:22:0,MULTIMEDIA_DEVICES#USABILITY,negative
84:28,84:28:0,KEYBOARD#DESIGN_FEATURES,negative
84:29,84:29:0,KEYBOARD#DESIGN_FEATURES,negative
84:30,84:30:0,KEYBOARD#DESIGN_FEATURES,negative
84:35,84:35:0,KEYBOARD#DESIGN_FEATURES,negative
84:39,84:39:0,HARDWARE#DESIGN_FEATURES,negative
84:41,84:41:0,MULTIMEDIA_DEVICES#QUALITY,negative
84:43,84:43:0,OS#OPERATION_PERFORMANCE,negative
84:46,84:46:0,DISPLAY#USABILITY,negative
84:48,84:48:0,OS#DESIGN_FEATURES,negative
84:51,84:51:0,SOFTWARE#OPERATION_PERFORMANCE,negative
84:55,84:55:0,SOFTWARE#OPERATION_PERFORMANCE,negative
84:62,84:62:0,OS#CONNECTIVITY,negative
84:69,84:69:0,PHONE#OPERATION_PERFORMANCE,negative
84:70,84:70:0,SOFTWARE#OPERATION_PERFORMANCE,negative
84:71,84:71:0,SOFTWARE#OPERATION_PERFORMANCE,negative
84:74,84:74:0,SOFTWARE#OPERATION_PERFORMANCE,negative
85:14,85:14:0,MULTIMEDIA_DEVICES#OPERATION_PERFORMANCE,positive
85:17,85:17:0,PHONE#USABILITY,positive
85:20,85:20:0,SOFTWARE#OPERATION_PERFORMANCE,positive
85:25,85:25:0,PHONE#PRICE,positive
85:26,85:26:0,PHONE#PRICE,positive
85:31,85:31:0,BATTERY#QUALITY,positive
85:33,85:33:0,MEMORY#USABILITY,positive
86:3,86:3:0,PHONE#CONNECTIVITY,negative
86:7,86:7:0,PHONE#OPERATION_PERFORMANCE,negative
86:8,86:8:0,BATTERY#QUALITY,positive
86:9,86:9:0,KEYBOARD#DESIGN_FEATURES,negative
86:10,86:10:0,DISPLAY#OPERATION_PERFORMANCE,negative
87:6,87:6:0,PHONE#CONNECTIVITY,negative
87:16,87:16:0,BATTERY#QUALITY,negative
87:21,87:21:0,HARDWARE#OPERATION_PERFORMANCE,negative
88:9,88:9:0,PHONE#DESIGN_FEATURES,positive
88:12,88:12:0,PHONE#OPERATION_PERFORMANCE,positive
88:13,88:13:0,SOFTWARE#USABILITY,negative
88:14,88:14:0,OS#DESIGN_FEATURES,positive
88:15,88:15:0,SOFTWARE#OPERATION_PERFORMANCE,negative
88:20,88:20:0,DISPLAY#DESIGN_FEATURES,positive
88:24,88:24:0,KEYBOARD#DESIGN_FEATURES,positive
88:31,88:31:0,HARDWARE#OPERATION_PERFORMANCE,negative
88:33,88:33:0,KEYBOARD#DESIGN_FEATURES,negative
88:34,88:34:0,PHONE#DESIGN_FEATURES,negative
88:36,88:36:0,PORTS#DESIGN_FEATURES,negative
88:37,88:37:0,PORTS#DESIGN_FEATURES,negative
88:38,88:38:0,KEYBOARD#DESIGN_FEATURES,negative
88:42,88:42:0,KEYBOARD#OPERATION_PERFORMANCE,positive
88:45,88:45:0,KEYBOARD#DESIGN_FEATURES,positive
88:46,88:46:0,KEYBOARD#DESIGN_FEATURES,positive
88:47,88:47:0,KEYBOARD#DESIGN_FEATURES,negative
88:50,88:50:0,MULTIMEDIA_DEVICES#QUALITY,positive
88:54,88:54:0,MULTIMEDIA_DEVICES#QUALITY,negative
88:55,88:55:0,DISPLAY#QUALITY,negative
88:56,88:56:0,PHONE#GENERAL,positive
88:61,88:61:0,BATTERY#QUALITY,positive
88:74,88:74:0,PHONE#QUALITY,positive
89:5,89:5:0,DISPLAY#DESIGN_FEATURES,positive
89:7,89:7:0,KEYBOARD#OPERATION_PERFORMANCE,positive
89:8,89:8:0,DISPLAY#DESIGN_FEATURES,negative
89:20,89:20:0,POWER_SUPPLY#USABILITY,negative
89:21,89:21:0,PHONE#QUALITY,positive
89:23,89:23:0,HARDWARE#QUALITY,positive
89:26,89:26:0,PHONE#USABILITY,positive
89:29,89:29:0,HARDWARE#USABILITY,positive
89:31,89:31:0,SOFTWARE#OPERATION_PERFORMANCE,positive
89:38,89:38:0,SOFTWARE#USABILITY,positive
89:39,89:39:0,OS#USABILITY,positive
89:42,89:42:0,SOFTWARE#OPERATION_PERFORMANCE,negative
89:44,89:44:0,SOFTWARE#OPERATION_PERFORMANCE,negative
89:50,89:50:0,PHONE#QUALITY,positive
89:51,89:51:0,PHONE#OPERATION_PERFORMANCE,positive
89:66,89:66:0,PHONE#PRICE,negative
90:4,90:4:0,PHONE#DESIGN_FEATURES,negative
90:6,90:6:0,DISPLAY#DESIGN_FEATURES,negative
90:13,90:13:0,PHONE#OPERATION_PERFORMANCE,positive
90:20,90:20:0,DISPLAY#DESIGN_FEATURES,positive
90:21,90:21:0,DISPLAY#QUALITY,positive
90:23,90:23:0,DISPLAY#QUALITY,positive
90:24,90:24:0,MULTIMEDIA_DEVICES#QUALITY,positive
90:25,90:25:0,SOFTWARE#OPERATION_PERFORMANCE,positive
90:26,90:26:0,KEYBOARD#DESIGN_FEATURES,negative
90:32,90:32:0,SOFTWARE#QUALITY,positive
90:37,90:37:0,SOFTWARE#OPERATION_PERFORMANCE,positive
90:39,90:39:0,HARDWARE#OPERATION_PERFORMANCE,positive
90:40,90:40:0,MULTIMEDIA_DEVICES#OPERATION_PERFORMANCE,positive
90:43,90:43:0,OS#OPERATION_PERFORMANCE,positive
90:44,90:44:0,OS#OPERATION_PERFORMANCE,positive
90:45,90:45:0,MULTIMEDIA_DEVICES#QUALITY,positive
90:46,90:46:0,MULTIMEDIA_DEVICES#QUALITY,positive
90:48,90:48:0,MULTIMEDIA_DEVICES#OPERATION_PERFORMANCE,negative
90:50,90:50:0,MULTIMEDIA_DEVICES#OPERATION_PERFORMANCE,negative
90:53,90:53:0,OS#OPERATION_PERFORMANCE,negative
91:8,91:8:0,HARDWARE#DESIGN_FEATURES,negative
91:10,91:10:0,KEYBOARD#QUALITY,negative
91:11,91:11:0,KEYBOARD#QUALITY,negative
91:12,91:12:0,HARDWARE#QUALITY,negative
91:13,91:13:0,DISPLAY#QUALITY,negative
91:14,91:14:0,DISPLAY#QUALITY,negative
91:15,91:15:0,MULTIMEDIA_DEVICES#QUALITY,negative
91:19,91:19:0,BATTERY#QUALITY,negative
91:29,91:29:0,KEYBOARD#USABILITY,negative
92:3,92:3:0,PHONE#QUALITY,positive
92:4,92:4:0,PHONE#CONNECTIVITY,negative
92:5,92:5:0,MEMORY#USABILITY,positive
93:8,93:8:0,KEYBOARD#DESIGN_FEATURES,positive
93:14,93:14:0,OS#QUALITY,positive
93:15,93:15:0,OS#OPERATION_PERFORMANCE,positive
93:18,93:18:0,PHONE#CONNECTIVITY,positive
93:19,93:19:0,PHONE#CONNECTIVITY,positive
93:23,93:23:0,PHONE#USABILITY,positive
93:25,93:25:0,SOFTWARE#OPERATION_PERFORMANCE,negative
93:26,93:26:0,SOFTWARE#OPERATION_PERFORMANCE,positive
93:35,93:35:0,SOFTWARE#OPERATION_PERFORMANCE,positive
93:36,93:36:0,SOFTWARE#OPERATION_PERFORMANCE,positive
93:39,93:39:0,SOFTWARE#OPERATION_PERFORMANCE,negative
94:5,94:5:0,OS#OPERATION_PERFORMANCE,positive
94:7,94:7:0,SOFTWARE#OPERATION_PERFORMANCE,positive
94:8,94:8:0,OS#OPERATION_PERFORMANCE,positive
94:12,94:12:0,DISPLAY#QUALITY,positive
94:17,94:17:0,DISPLAY#OPERATION_PERFORMANCE,positive
94:18,94:18:0,MULTIMEDIA_DEVICES#OPERATION_PERFORMANCE,negative
94:21,94:21:0,HARDWARE#QUALITY,negative
94:26,94:26:0,POWER_SUPPLY#QUALITY,negative
94:28,94:28:0,PHONE#QUALITY,negative
94:34,94:34:0,MULTIMEDIA_DEVICES#GENERAL,negative
94:36,94:36:0,PHONE#PRICE,positive
95:1,95:1:0,SOFTWARE#OPERATION_PERFORMANCE,negative
95:6,95:6:0,HARDWARE#QUALITY,negative
95:8,95:8:0,PHONE#QUALITY,negative
95:9,95:9:0,MULTIMEDIA_DEVICES#OPERATION_PERFORMANCE,negative
95:10,95:10:0,PORTS#USABILITY,negative
95:11,95:11:0,OS#USABILITY,negative
96:2,96:2:0,CPU#USABILITY,positive
96:3,96:3:0,SOFTWARE#USABILITY,positive
96:4,96:4:0,MULTIMEDIA_DEVICES#QUALITY,positive
96:6,96:6:0,MULTIMEDIA_DEVICES#QUALITY,negative
97:1,97:1:0,PHONE#OPERATION_PERFORMANCE,positive
97:5,97:5:0,DISPLAY#QUALITY,positive
98:2,98:2:0,DISPLAY#DESIGN_FEATURES,positive
98:3,98:3:0,PHONE#QUALITY,negative
98:6,98:6:0,PHONE#CONNECTIVITY,negative
98:16,98:16:0,PHONE#OPERATION_PERFORMANCE,negative
98:19,98:19:0,PHONE#QUALITY,negative
99:11,99:11:0,PHONE#OPERATION_PERFORMANCE,positive
99:12,99:12:0,PHONE#OPERATION_PERFORMANCE,positive
99:20,99:20:0,DISPLAY#QUALITY,positive
99:21,99:21:0,PHONE#OPERATION_PERFORMANCE,negative
99:22,99:22:0,PHONE#OPERATION_PERFORMANCE,negative
99:27,99:27:0,DISPLAY#OPERATION_PERFORMANCE,positive
99:31,99:31:0,DISPLAY#DESIGN_FEATURES,negative
99:36,99:36:0,DISPLAY#QUALITY,positive
99:37,99:37:0,PHONE#OPERATION_PERFORMANCE,positive
99:38,99:38:0,MULTIMEDIA_DEVICES#USABILITY,positive
99:41,99:41:0,PHONE#OPERATION_PERFORMANCE,positive
99:44,99:44:0,PHONE#OPERATION_PERFORMANCE,positive
99:46,99:46:0,DISPLAY#OPERATION_PERFORMANCE,positive
99:47,99:47:0,CPU#OPERATION_PERFORMANCE,positive
99:54,99:54:0,BATTERY#OPERATION_PERFORMANCE,positive
99:61,99:61:0,PHONE#OPERATION_PERFORMANCE,positive
99:67,99:67:0,MULTIMEDIA_DEVICES#QUALITY,positive
99:68,99:68:0,PHONE#CONNECTIVITY,positive
100:7,100:7:0,DISPLAY#QUALITY,negative
100:10,100:10:0,PHONE#OPERATION_PERFORMANCE,positive
100:12,100:12:0,DISPLAY#DESIGN_FEATURES,negative
100:13,100:13:0,SOFTWARE#OPERATION_PERFORMANCE,negative
100:17,100:17:0,PHONE#QUALITY,positive
100:19,100:19:0,MULTIMEDIA_DEVICES#DESIGN_FEATURES,positive
100:20,100:20:0,PHONE#OPERATION_PERFORMANCE,positive
100:21,100:21:0,MULTIMEDIA_DEVICES#OPERATION_PERFORMANCE,positive
100:22,100:22:0,DISPLAY#QUALITY,negative
101:4,101:4:0,OS#DESIGN_FEATURES,positive
101:8,101:8:0,PHONE#OPERATION_PERFORMANCE,positive
101:16,101:16:0,SOFTWARE#OPERATION_PERFORMANCE,negative
101:21,101:21:0,SOFTWARE#OPERATION_PERFORMANCE,negative
101:27,101:27:0,PHONE#USABILITY,negative
101:38,101:38:0,MULTIMEDIA_DEVICES#QUALITY,positive
101:44,101:44:0,MULTIMEDIA_DEVICES#USABILITY,negative
101:47,101:47:0,SOFTWARE#OPERATION_PERFORMANCE,negative
101:51,101:51:0,BATTERY#QUALITY,negative
101:63,101:63:0,PHONE#OPERATION_PERFORMANCE,positive
101:66,101:66:0,PHONE#PRICE,negative
102:21,102:21:0,DISPLAY#DESIGN_FEATURES,negative
102:24,102:24:0,HARDWARE#DESIGN_FEATURES,negative
102:25,102:25:0,HARDWARE#QUALITY,negative
102:28,102:28:0,OS#OPERATION_PERFORMANCE,negative
102:46,102:46:0,HARDWARE#DESIGN_FEATURES,negative
102:50,102:50:0,MULTIMEDIA_DEVICES#OPERATION_PERFORMANCE,negative
102:52,102:52:0,DISPLAY#OPERATION_PERFORMANCE,positive
102:55,102:55:0,HARDWARE#QUALITY,negative
102:75,102:75:0,PORTS#OPERATION_PERFORMANCE,positive
103:2,103:2:0,DISPLAY#DESIGN_FEATURES,positive
103:4,103:4:0,HARDWARE#OPERATION_PERFORMANCE,positive
103:7,103:7:0,PHONE#OPERATION_PERFORMANCE,negative
103:8,103:8:0,DISPLAY#DESIGN_FEATURES,positive
103:9,103:9:0,OS#OPERATION_PERFORMANCE,positive
103:14,103:14:0,PHONE#QUALITY,positive
103:20,103:20:0,PHONE#DESIGN_FEATURES,positive
103:33,103:33:0,HARDWARE#QUALITY,negative
103:40,103:40:0,PHONE#CONNECTIVITY,positive
103:41,103:41:0,OS#OPERATION_PERFORMANCE,positive
103:42,103:42:0,PHONE#DESIGN_FEATURES,positive
104:3,104:3:0,DISPLAY#QUALITY,positive
104:4,104:4:0,OS#DESIGN_FEATURES,positive
104:5,104:5:0,MULTIMEDIA_DEVICES#OPERATION_PERFORMANCE,positive
104:6,104:6:0,HARDWARE#USABILITY,positive
104:7,104:7:0,PHONE#OPERATION_PERFORMANCE,negative
104:10,104:10:0,BATTERY#QUALITY,negative
104:16,104:16:0,PHONE#OPERATION_PERFORMANCE,negative
104:20,104:20:0,KEYBOARD#OPERATION_PERFORMANCE,negative
104:23,104:23:0,OS#OPERATION_PERFORMANCE,negative
104:24,104:24:0,SOFTWARE#OPERATION_PERFORMANCE,negative
104:30,104:30:0,PHONE#CONNECTIVITY,negative
105:25,105:25:0,OS#DESIGN_FEATURES,positive
105:26,105:26:0,MULTIMEDIA_DEVICES#DESIGN_FEATURES,positive
105:28,105:28:0,SOFTWARE#OPERATION_PERFORMANCE,negative
106:2,106:2:0,PHONE#OPERATION_PERFORMANCE,positive
106:3,106:3:0,DISPLAY#OPERATION_PERFORMANCE,positive
106:4,106:4:0,MULTIMEDIA_DEVICES#USABILITY,positive
106:5,106:5:0,PHONE#QUALITY,positive
106:13,106:13:0,OS#OPERATION_PERFORMANCE,negative
106:15,106:15:0,PHONE#OPERATION_PERFORMANCE,negative
106:19,106:19:0,BATTERY#QUALITY,negative
106:21,106:21:0,SOFTWARE#OPERATION_PERFORMANCE,negative
106:25,106:25:0,OS#OPERATION_PERFORMANCE,negative
106:39,106:39:0,OS#DESIGN_FEATURES,negative
106:41,106:41:0,OS#DESIGN_FEATURES,positive
107:5,107:5:0,OS#OPERATION_PERFORMANCE,positive
107:6,107:6:0,SOFTWARE#OPERATION_PERFORMANCE,positive
107:7,107:7:0,SOFTWARE#OPERATION_PERFORMANCE,positive
108:9,108:9:0,PHONE#QUALITY,positive
108:12,108:12:0,HARDWARE#DESIGN_FEATURES,negative
108:29,108:29:0,POWER_SUPPLY#QUALITY,negative
108:45,108:45:0,PHONE#OPERATION_PERFORMANCE,positive
108:46,108:46:0,MULTIMEDIA_DEVICES#OPERATION_PERFORMANCE,negative
108:47,108:47:0,HARDWARE#OPERATION_PERFORMANCE,negative
108:49,108:49:0,HARDWARE#OPERATION_PERFORMANCE,positive
108:51,108:51:0,PHONE#DESIGN_FEATURES,positive
108:52,108:52:0,PHONE#OPERATION_PERFORMANCE,positive
108:54,108:54:0,PHONE#OPERATION_PERFORMANCE,positive
109:4,109:4:0,PHONE#OPERATION_PERFORMANCE,positive
109:5,109:5:0,SOFTWARE#OPERATION_PERFORMANCE,negative
109:6,109:6:0,DISPLAY#OPERATION_PERFORMANCE,positive
109:7,109:7:0,PHONE#QUALITY,negative
110:5,110:5:0,PHONE#QUALITY,negative
110:6,110:6:0,DISPLAY#GENERAL,positive
110:15,110:15:0,PHONE#OPERATION_PERFORMANCE,negative
111:4,111:4:0,OS#DESIGN_FEATURES,negative
111:10,111:10:0,OS#QUALITY,negative
111:15,111:15:0,BATTERY#QUALITY,negative
111:17,111:17:0,SOFTWARE#OPERATION_PERFORMANCE,negative
111:32,111:32:0,SOFTWARE#OPERATION_PERFORMANCE,negative
111:40,111:40:0,DISPLAY#OPERATION_PERFORMANCE,negative
111:45,111:45:0,KEYBOARD#DESIGN_FEATURES,negative
111:48,111:48:0,SOFTWARE#DESIGN_FEATURES,negative
112:27,112:27:0,PHONE#QUALITY,negative
112:30,112:30:0,HARDWARE#OPERATION_PERFORMANCE,negative
112:33,112:33:0,PHONE#OPERATION_PERFORMANCE,positive
112:36,112:36:0,DISPLAY#OPERATION_PERFORMANCE,positive
112:37,112:37:0,SOFTWARE#OPERATION_PERFORMANCE,positive
112:47,112:47:0,PHONE#CONNECTIVITY,positive
112:48,112:48:0,MULTIMEDIA_DEVICES#QUALITY,positive
113:11,113:11:0,PHONE#OPERATION_PERFORMANCE,negative
113:12,113:12:0,MULTIMEDIA_DEVICES#QUALITY,negative
113:17,113:17:0,MULTIMEDIA_DEVICES#QUALITY,positive
113:18,113:18:0,BATTERY#QUALITY,positive
113:24,113:24:0,DISPLAY#QUALITY,positive
113:25,113:25:0,OS#DESIGN_FEATURES,positive
113:32,113:32:0,MULTIMEDIA_DEVICES#QUALITY,negative
114:5,114:5:0,DISPLAY#QUALITY,positive
114:6,114:6:0,KEYBOARD#OPERATION_PERFORMANCE,positive
114:7,114:7:0,SOFTWARE#USABILITY,negative
114:13,114:13:0,PHONE#OPERATION_PERFORMANCE,negative
114:22,114:22:0,PHONE#OPERATION_PERFORMANCE,negative
114:23,114:23:0,MULTIMEDIA_DEVICES#OPERATION_PERFORMANCE,negative
114:25,114:25:0,BATTERY#QUALITY,negative
114:26,114:26:0,KEYBOARD#OPERATION_PERFORMANCE,negative
114:27,114:27:0,PHONE#OPERATION_PERFORMANCE,negative
114:30,114:30:0,MULTIMEDIA_DEVICES#GENERAL,negative
114:32,114:32:0,OS#OPERATION_PERFORMANCE,positive
115:8,115:8:0,PHONE#DESIGN_FEATURES,negative
115:10,115:10:0,HARDWARE#DESIGN_FEATURES,negative
115:11,115:11:0,PHONE#DESIGN_FEATURES,positive
115:18,115:18:0,PHONE#DESIGN_FEATURES,positive
115:20,115:20:0,PHONE#DESIGN_FEATURES,positive
115:21,115:21:0,DISPLAY#DESIGN_FEATURES,positive
115:24,115:24:0,DISPLAY#OPERATION_PERFORMANCE,positive
115:25,115:25:0,PHONE#OPERATION_PERFORMANCE,positive
115:27,115:27:0,PHONE#OPERATION_PERFORMANCE,positive
115:31,115:31:0,HARDWARE#USABILITY,positive
115:34,115:34:0,MULTIMEDIA_DEVICES#USABILITY,positive
115:38,115:38:0,SOFTWARE#OPERATION_PERFORMANCE,positive
115:41,115:41:0,OS#OPERATION_PERFORMANCE,positive
115:43,115:43:0,SOFTWARE#OPERATION_PERFORMANCE,positive
115:46,115:46:0,MULTIMEDIA_DEVICES#QUALITY,positive
115:51,115:51:0,MULTIMEDIA_DEVICES#OPERATION_PERFORMANCE,positive
115:52,115:52:0,PHONE#CONNECTIVITY,positive
115:56,115:56:0,KEYBOARD#OPERATION_PERFORMANCE,positive
115:59,115:59:0,MULTIMEDIA_DEVICES#USABILITY,positive
115:68,115:68:0,SOFTWARE#USABILITY,positive
115:76,115:76:0,BATTERY#QUALITY,negative
115:80,115:80:0,HARDWARE#OPERATION_PERFORMANCE,negative
115:82,115:82:0,MULTIMEDIA_DEVICES#USABILITY,negative
115:88,115:88:0,MULTIMEDIA_DEVICES#OPERATION_PERFORMANCE,negative
115:92,115:92:0,SOFTWARE#OPERATION_PERFORMANCE,negative
115:96,115:96:0,PHONE#OPERATION_PERFORMANCE,negative
115:98,115:98:0,MULTIMEDIA_DEVICES#QUALITY,negative
115:100,115:100:0,PHONE#USABILITY,negative
115:102,115:102:0,HARDWARE#USABILITY,negative
115:108,115:108:0,DISPLAY#OPERATION_PERFORMANCE,negative
115:109,115:109:0,MULTIMEDIA_DEVICES#OPERATION_PERFORMANCE,negative
115:114,115:114:0,PHONE#USABILITY,negative
115:117,115:117:0,HARDWARE#OPERATION_PERFORMANCE,negative
115:119,115:119:0,SOFTWARE#OPERATION_PERFORMANCE,negative
115:122,115:122:0,PORTS#USABILITY,negative
115:129,115:129:0,SOFTWARE#OPERATION_PERFORMANCE,negative
115:131,115:131:0,HARDWARE#QUALITY,negative
115:132,115:132:0,SOFTWARE#OPERATION_PERFORMANCE,negative
115:134,115:134:0,SOFTWARE#OPERATION_PERFORMANCE,negative
115:137,115:137:0,DISPLAY#OPERATION_PERFORMANCE,negative
115:139,115:139:0,SOFTWARE#OPERATION_PERFORMANCE,negative
115:143,115:143:0,OS#OPERATION_PERFORMANCE,negative
115:147,115:147:0,BATTERY#QUALITY,negative
116:5,116:5:0,PHONE#OPERATION_PERFORMANCE,positive
116:13,116:13:0,SOFTWARE#OPERATION_PERFORMANCE,negative
116:14,116:14:0,SOFTWARE#OPERATION_PERFORMANCE,negative
116:28,116:28:0,PHONE#OPERATION_PERFORMANCE,positive
117:12,117:12:0,HARDWARE#QUALITY,negative
117:16,117:16:0,SOFTWARE#OPERATION_PERFORMANCE,positive
117:23,117:23:0,OS#DESIGN_FEATURES,positive
117:27,117:27:0,BATTERY#OPERATION_PERFORMANCE,positive
117:30,117:30:0,MULTIMEDIA_DEVICES#GENERAL,positive
117:44,117:44:0,KEYBOARD#OPERATION_PERFORMANCE,positive
117:51,117:51:0,MULTIMEDIA_DEVICES#OPERATION_PERFORMANCE,negative
117:58,117:58:0,MULTIMEDIA_DEVICES#QUALITY,positive
118:6,118:6:0,OS#QUALITY,positive
118:7,118:7:0,OS#QUALITY,positive
118:12,118:12:0,MULTIMEDIA_DEVICES#QUALITY,positive
118:16,118:16:0,SOFTWARE#OPERATION_PERFORMANCE,positive
118:31,118:31:0,SOFTWARE#OPERATION_PERFORMANCE,negative
118:37,118:37:0,MULTIMEDIA_DEVICES#QUALITY,negative
119:6,119:6:0,DISPLAY#DESIGN_FEATURES,positive
119:7,119:7:0,DISPLAY#OPERATION_PERFORMANCE,positive
119:10,119:10:0,MULTIMEDIA_DEVICES#QUALITY,positive
119:11,119:11:0,SOFTWARE#OPERATION_PERFORMANCE,positive
119:13,119:13:0,OS#DESIGN_FEATURES,negative
119:14,119:14:0,PHONE#USABILITY,negative
119:15,119:15:0,BATTERY#QUALITY,negative
119:21,119:21:0,PHONE#QUALITY,negative
119:24,119:24:0,OS#OPERATION_PERFORMANCE,negative
119:27,119:27:0,SOFTWARE#OPERATION_PERFORMANCE,negative
119:32,119:32:0,PHONE#OPERATION_PERFORMANCE,negative
119:33,119:33:0,HARDWARE#OPERATION_PERFORMANCE,negative
120:3,120:3:0,PHONE#OPERATION_PERFORMANCE,positive
120:4,120:4:0,PHONE#OPERATION_PERFORMANCE,positive
120:5,120:5:0,PHONE#DESIGN_FEATURES,positive
120:8,120:8:0,OS#OPERATION_PERFORMANCE,negative
120:12,120:12:0,DISPLAY#QUALITY,negative
120:13,120:13:0,PHONE#OPERATION_PERFORMANCE,negative
121:15,121:15:0,DISPLAY#DESIGN_FEATURES,positive
121:18,121:18:0,DISPLAY#DESIGN_FEATURES,positive
121:29,121:29:0,DISPLAY#DESIGN_FEATURES,positive
121:37,121:37:0,SOFTWARE#OPERATION_PERFORMANCE,negative
121:38,121:38:0,SOFTWARE#OPERATION_PERFORMANCE,positive
121:39,121:39:0,SOFTWARE#OPERATION_PERFORMANCE,positive
121:40,121:40:0,DISPLAY#QUALITY,positive
121:45,121:45:0,OS#DESIGN_FEATURES,positive
121:51,121:51:0,SOFTWARE#OPERATION_PERFORMANCE,negative
121:53,121:53:0,BATTERY#QUALITY,positive
121:58,121:58:0,SOFTWARE#OPERATION_PERFORMANCE,positive
121:61,121:61:0,MULTIMEDIA_DEVICES#OPERATION_PERFORMANCE,positive
121:63,121:63:0,HARDWARE#OPERATION_PERFORMANCE,positive
122:6,122:6:0,DISPLAY#QUALITY,negative
122:9,122:9:0,OS#QUALITY,negative
122:16,122:16:0,MULTIMEDIA_DEVICES#OPERATION_PERFORMANCE,positive
122:18,122:18:0,SOFTWARE#OPERATION_PERFORMANCE,positive
122:21,122:21:0,SOFTWARE#OPERATION_PERFORMANCE,negative
122:23,122:23:0,MULTIMEDIA_DEVICES#QUALITY,positive
123:4,123:4:0,PHONE#QUALITY,positive
123:7,123:7:0,PHONE#OPERATION_PERFORMANCE,positive
123:9,123:9:0,OS#OPERATION_PERFORMANCE,positive
123:10,123:10:0,OS#OPERATION_PERFORMANCE,positive
123:15,123:15:0,MULTIMEDIA_DEVICES#QUALITY,positive
123:17,123:17:0,PHONE#CONNECTIVITY,positive
123:22,123:22:0,HARDWARE#QUALITY,negative
123:25,123:25:0,KEYBOARD#DESIGN_FEATURES,positive
123:27,123:27:0,PHONE#OPERATION_PERFORMANCE,negative
123:36,123:36:0,MULTIMEDIA_DEVICES#QUALITY,positive
123:39,123:39:0,DISPLAY#QUALITY,positive
123:40,123:40:0,DISPLAY#QUALITY,positive
124:15,124:15:0,PHONE#DESIGN_FEATURES,negative
124:26,124:26:0,PHONE#DESIGN_FEATURES,positive
124:36,124:36:0,PHONE#OPERATION_PERFORMANCE,positive
125:10,125:10:0,PHONE#QUALITY,positive
126:10,126:10:0,PHONE#OPERATION_PERFORMANCE,negative
126:19,126:19:0,MULTIMEDIA_DEVICES#OPERATION_PERFORMANCE,positive
126:23,126:23:0,MULTIMEDIA_DEVICES#USABILITY,positive
126:27,126:27:0,PHONE#OPERATION_PERFORMANCE,negative
126:39,126:39:0,BATTERY#OPERATION_PERFORMANCE,negative
127:4,127:4:0,PHONE#OPERATION_PERFORMANCE,negative
127:5,127:5:0,SOFTWARE#QUALITY,negative
127:6,127:6:0,MULTIMEDIA_DEVICES#QUALITY,negative
127:7,127:7:0,OS#OPERATION_PERFORMANCE,negative
127:8,127:8:0,SOFTWARE#OPERATION_PERFORMANCE,negative
127:10,127:10:0,DISPLAY#OPERATION_PERFORMANCE,positive
127:11,127:11:0,DISPLAY#OPERATION_PERFORMANCE,positive
127:12,127:12:0,SOFTWARE#OPERATION_PERFORMANCE,positive
127:13,127:13:0,MULTIMEDIA_DEVICES#USABILITY,positive
127:16,127:16:0,MULTIMEDIA_DEVICES#OPERATION_PERFORMANCE,positive
128:10,128:10:0,SOFTWARE#OPERATION_PERFORMANCE,negative
128:22,128:22:0,OS#OPERATION_PERFORMANCE,negative
128:28,128:28:0,SOFTWARE#OPERATION_PERFORMANCE,negative
128:29,128:29:0,SOFTWARE#OPERATION_PERFORMANCE,negative
128:30,128:30:0,PHONE#QUALITY,negative
128:31,128:31:0,SOFTWARE#OPERATION_PERFORMANCE,negative
128:34,128:34:0,PHONE#OPERATION_PERFORMANCE,negative
128:39,128:39:0,PHONE#PRICE,positive
128:40,128:40:0,HARDWARE#OPERATION_PERFORMANCE,positive
128:41,128:41:0,PHONE#OPERATION_PERFORMANCE,positive
128:42,128:42:0,SOFTWARE#OPERATION_PERFORMANCE,positive
128:44,128:44:0,BATTERY#QUALITY,positive
128:52,128:52:0,MEMORY#USABILITY,positive
128:53,128:53:0,CPU#USABILITY,positive
128:54,128:54:0,PHONE#OPERATION_PERFORMANCE,positive
128:59,128:59:0,BATTERY#QUALITY,negative
128:61,128:61:0,DISPLAY#DESIGN_FEATURES,negative
128:63,128:63:0,KEYBOARD#QUALITY,negative
128:73,128:73:0,MULTIMEDIA_DEVICES#OPERATION_PERFORMANCE,negative
129:18,129:18:0,HARDWARE#DESIGN_FEATURES,positive
129:25,129:25:0,BATTERY#QUALITY,positive
129:28,129:28:0,KEYBOARD#OPERATION_PERFORMANCE,negative
129:29,129:29:0,PHONE#OPERATION_PERFORMANCE,negative
129:30,129:30:0,DISPLAY#OPERATION_PERFORMANCE,positive
129:31,129:31:0,SOFTWARE#OPERATION_PERFORMANCE,negative
129:37,129:37:0,OS#DESIGN_FEATURES,positive
129:38,129:38:0,OS#OPERATION_PERFORMANCE,positive
129:39,129:39:0,PHONE#OPERATION_PERFORMANCE,positive
129:43,129:43:0,PHONE#QUALITY,positive
129:45,129:45:0,SOFTWARE#OPERATION_PERFORMANCE,positive
129:46,129:46:0,HARDWARE#OPERATION_PERFORMANCE,positive
129:50,129:50:0,SOFTWARE#OPERATION_PERFORMANCE,negative
130:5,130:5:0,PHONE#DESIGN_FEATURES,positive
130:6,130:6:0,DISPLAY#DESIGN_FEATURES,positive
130:11,130:11:0,HARDWARE#OPERATION_PERFORMANCE,negative
130:21,130:21:0,POWER_SUPPLY#OPERATION_PERFORMANCE,negative
130:23,130:23:0,HARDWARE#QUALITY,negative
130:29,130:29:0,BATTERY#QUALITY,negative
130:53,130:53:0,DISPLAY#DESIGN_FEATURES,negative
130:57,130:57:0,PHONE#QUALITY,negative
130:61,130:61:0,OS#DESIGN_FEATURES,positive
131:4,131:4:0,MULTIMEDIA_DEVICES#USABILITY,negative
131:23,131:23:0,PHONE#DESIGN_FEATURES,negative
132:3,132:3:0,PHONE#OPERATION_PERFORMANCE,positive
132:4,132:4:0,PHONE#OPERATION_PERFORMANCE,positive
132:5,132:5:0,KEYBOARD#OPERATION_PERFORMANCE,positive
132:7,132:7:0,SOFTWARE#OPERATION_PERFORMANCE,positive
132:12,132:12:0,OS#OPERATION_PERFORMANCE,positive
132:14,132:14:0,HARDWARE#QUALITY,positive
132:16,132:16:0,MULTIMEDIA_DEVICES#QUALITY,negative
132:17,132:17:0,HARDWARE#QUALITY,negative
132:19,132:19:0,SOFTWARE#OPERATION_PERFORMANCE,negative
132:21,132:21:0,MEMORY#GENERAL,negative
132:22,132:22:0,CPU#GENERAL,negative
132:23,132:23:0,PORTS#CONNECTIVITY,negative
133:2,133:2:0,KEYBOARD#GENERAL,negative
133:4,133:4:0,PHONE#QUALITY,negative
133:6,133:6:0,DISPLAY#QUALITY,positive
133:7,133:7:0,OS#DESIGN_FEATURES,positive
134:16,134:16:0,PHONE#DESIGN_FEATURES,positive
134:17,134:17:0,DISPLAY#DESIGN_FEATURES,positive
134:20,134:20:0,MEMORY#DESIGN_FEATURES,positive
134:23,134:23:0,DISPLAY#DESIGN_FEATURES,positive
134:24,134:24:0,KEYBOARD#DESIGN_FEATURES,positive
134:25,134:25:0,HARDWARE#DESIGN_FEATURES,negative
134:26,134:26:0,PORTS#DESIGN_FEATURES,negative
134:28,134:28:0,PHONE#DESIGN_FEATURES,positive
134:30,134:30:0,DISPLAY#QUALITY,negative
134:31,134:31:0,PHONE#QUALITY,negative
134:33,134:33:0,DISPLAY#QUALITY,positive
134:34,134:34:0,DISPLAY#QUALITY,positive
134:35,134:35:0,DISPLAY#DESIGN_FEATURES,negative
134:38,134:38:0,DISPLAY#DESIGN_FEATURES,negative
134:41,134:41:0,MULTIMEDIA_DEVICES#GENERAL,negative
134:43,134:43:0,PHONE#OPERATION_PERFORMANCE,negative
134:45,134:45:0,MULTIMEDIA_DEVICES#USABILITY,negative
134:46,134:46:0,BATTERY#OPERATION_PERFORMANCE,negative
134:47,134:47:0,MULTIMEDIA_DEVICES#GENERAL,positive
134:48,134:48:0,MULTIMEDIA_DEVICES#GENERAL,positive
134:50,134:50:0,HARDWARE#QUALITY,negative
134:51,134:51:0,PHONE#QUALITY,negative
134:72,134:72:0,PHONE#OPERATION_PERFORMANCE,positive
135:15,135:15:0,HARDWARE#GENERAL,negative
135:16,135:16:0,PHONE#MISCELLANEOUS,positive
135:17,135:17:0,HARDWARE#GENERAL,negative
135:29,135:29:0,OS#OPERATION_PERFORMANCE,negative
135:54,135:54:0,MULTIMEDIA_DEVICES#QUALITY,positive
135:57,135:57:0,PHONE#DESIGN_FEATURES,negative
135:58,135:58:0,PHONE#DESIGN_FEATURES,positive
136:8,136:8:0,DISPLAY#DESIGN_FEATURES,positive
136:9,136:9:0,PHONE#DESIGN_FEATURES,positive
136:13,136:13:0,DISPLAY#QUALITY,negative
136:14,136:14:0,DISPLAY#QUALITY,positive
136:17,136:17:0,PORTS#CONNECTIVITY,negative
136:23,136:23:0,MULTIMEDIA_DEVICES#CONNECTIVITY,negative
136:25,136:25:0,MULTIMEDIA_DEVICES#GENERAL,positive
136:26,136:26:0,PHONE#MISCELLANEOUS,positive
136:28,136:28:0,MULTIMEDIA_DEVICES#DESIGN_FEATURES,positive
137:3,137:3:0,OS#PRICE,negative
137:4,137:4:0,PHONE#OPERATION_PERFORMANCE,negative
137:5,137:5:0,PORTS#OPERATION_PERFORMANCE,negative
137:6,137:6:0,OS#USABILITY,negative
137:7,137:7:0,PHONE#QUALITY,negative
137:10,137:10:0,MULTIMEDIA_DEVICES#QUALITY,negative
137:13,137:13:0,SOFTWARE#GENERAL,negative
138:4,138:4:0,DISPLAY#DESIGN_FEATURES,positive
138:6,138:6:0,KEYBOARD#DESIGN_FEATURES,negative
138:7,138:7:0,PHONE#QUALITY,positive
138:8,138:8:0,OS#QUALITY,negative
138:9,138:9:0,PHONE#OPERATION_PERFORMANCE,positive
138:11,138:11:0,OS#OPERATION_PERFORMANCE,negative
138:12,138:12:0,SOFTWARE#DESIGN_FEATURES,negative
138:14,138:14:0,PHONE#CONNECTIVITY,positive
138:15,138:15:0,PHONE#MISCELLANEOUS,positive
138:16,138:16:0,SOFTWARE#QUALITY,negative
138:22,138:22:0,MULTIMEDIA_DEVICES#CONNECTIVITY,negative
138:23,138:23:0,CPU#OPERATION_PERFORMANCE,negative
138:24,138:24:0,SOFTWARE#USABILITY,negative
138:25,138:25:0,SOFTWARE#QUALITY,negative
138:26,138:26:0,MULTIMEDIA_DEVICES#OPERATION_PERFORMANCE,positive
138:27,138:27:0,DISPLAY#QUALITY,negative
139:2,139:2:0,DISPLAY#QUALITY,positive
139:3,139:3:0,PHONE#QUALITY,positive
139:4,139:4:0,DISPLAY#QUALITY,positive
139:5,139:5:0,PHONE#DESIGN_FEATURES,positive
139:7,139:7:0,KEYBOARD#DESIGN_FEATURES,positive
139:10,139:10:0,PHONE#OPERATION_PERFORMANCE,positive
139:15,139:15:0,MULTIMEDIA_DEVICES#QUALITY,positive
139:17,139:17:0,MULTIMEDIA_DEVICES#QUALITY,positive
139:18,139:18:0,MULTIMEDIA_DEVICES#QUALITY,positive
139:20,139:20:0,PHONE#CONNECTIVITY,negative
140:4,140:4:0,DISPLAY#QUALITY,negative
140:8,140:8:0,PHONE#OPERATION_PERFORMANCE,negative
140:23,140:23:0,SUPPORT#QUALITY,negative
140:33,140:33:0,MULTIMEDIA_DEVICES#QUALITY,negative
140:34,140:34:0,PHONE#MISCELLANEOUS,negative
140:35,140:35:0,MULTIMEDIA_DEVICES#QUALITY,negative
140:36,140:36:0,MULTIMEDIA_DEVICES#QUALITY,negative
