sid,id,target,category,polarity,from,to
1000:0,1000:0:0,servis,SERVICE#GENERAL,negative,24,30
1000:0,1000:0:1,Manzara,AMBIENCE#GENERAL,positive,0,7
1000:1,1000:1:0,mezenin,FOOD#STYLE_OPTIONS,negative,188,195
1000:1,1000:1:1,garson,SERVICE#GENERAL,negative,66,72
1000:2,1000:2:0,lezzetler,FOOD#QUALITY,positive,18,27
1000:2,1000:2:1,Yemekler,FOOD#QUALITY,positive,0,8
1000:2,1000:2:2,NULL,FOOD#QUALITY,neutral,0,0
1000:3,1000:3:0,fiyatlar,RESTAURANT#PRICES,negative,14,22
1000:4,1000:4:0,kalitesinin,RESTAURANT#GENERAL,negative,14,25
1001:1,1001:1:0,balik,FOOD#QUALITY,negative,59,64
1001:2,1001:2:0,balik geldi,SERVICE#GENERAL,negative,27,38
1001:3,1001:3:0,kalamar,FOOD#QUALITY,negative,13,20
1001:4,1001:4:0,NULL,RESTAURANT#GENERAL,negative,0,0
1001:5,1001:5:0,kalitesi,RESTAURANT#GENERAL,negative,39,47
1002:0,1002:0:0,ev yemegi,FOOD#QUALITY,negative,11,20
1002:1,1002:1:0,ev yemeginin,FOOD#QUALITY,negative,22,34
1002:2,1002:2:0,NULL,RESTAURANT#GENERAL,negative,0,0
1002:3,1002:3:0,fiyatlarinin,RESTAURANT#PRICES,negative,17,29
1002:3,1002:3:1,yemeklerinin,FOOD#QUALITY,negative,37,49
1003:0,1003:0:0,kasap reyonu,AMBIENCE#GENERAL,negative,18,30
1003:1,1003:1:0,garsonumuz,SERVICE#GENERAL,negative,0,10
1003:2,1003:2:0,küşleme,FOOD#QUALITY,positive,27,34
1003:2,1003:2:1,lokumun,FOOD#QUALITY,neutral,0,7
1003:4,1003:4:0,mekana,RESTAURANT#GENERAL,neutral,10,16
1004:0,1004:0:0,çayı,DRINKS#PRICES,negative,91,95
1004:1,1004:1:0,çay,DRINKS#PRICES,negative,119,122
1004:1,1004:1:1,NULL,RESTAURANT#GENERAL,positive,0,0
1005:0,1005:0:0,Şatobiryanı,FOOD#QUALITY,positive,0,11
1005:1,1005:1:0,Sosu,FOOD#QUALITY,positive,0,4
1005:2,1005:2:0,et,FOOD#QUALITY,positive,5,7
1005:3,1005:3:0,Guvecte yogurt ve salatayla,FOOD#QUALITY,positive,0,27
1005:4,1005:4:0,Servisi,SERVICE#GENERAL,positive,0,7
1005:5,1005:5:0,gardenya bolumu,AMBIENCE#GENERAL,positive,17,32
1005:6,1005:6:0,NULL,RESTAURANT#GENERAL,positive,0,0
1006:1,1006:1:0,bourbon vanilla,FOOD#QUALITY,neutral,57,72
1006:2,1006:2:0,beyaz caylarini,DRINKS#QUALITY,positive,50,65
1006:3,1006:3:0,Ortam,AMBIENCE#GENERAL,positive,0,5
1006:3,1006:3:1,oturma köşeleri,AMBIENCE#GENERAL,positive,28,43
1007:0,1007:0:0,gitmenizi,RESTAURANT#GENERAL,negative,38,47
1007:2,1007:2:0,Pendik merkez ana şubesi,RESTAURANT#GENERAL,positive,20,44
1008:0,1008:0:0,kurufasülyeci,FOOD#QUALITY,positive,42,55
1008:2,1008:2:0,Fasulyesi,FOOD#QUALITY,positive,0,9
1008:3,1008:3:0,bekletiyorlarmış,FOOD#STYLE_OPTIONS,neutral,36,52
1008:4,1008:4:0,"turşu, cacık veya yoğurtla",FOOD#STYLE_OPTIONS,positive,8,34
1008:5,1008:5:0,Pilavı,FOOD#QUALITY,positive,0,6
1008:5,1008:5:1,kokuyor,FOOD#QUALITY,positive,41,48
1008:6,1008:6:0,sütlaçla,FOOD#QUALITY,positive,7,15
1008:7,1008:7:0,Sütlacı,FOOD#QUALITY,positive,0,7
1009:0,1009:0:0,lezzet,FOOD#QUALITY,positive,137,143
1009:0,1009:0:1,sıra,SERVICE#GENERAL,neutral,22,26
1009:1,1009:1:0,Atıştırmalık Jumbo Combo,FOOD#QUALITY,positive,0,24
1010:0,1010:0:0,Deniz ürünleri,FOOD#QUALITY,positive,0,14
1010:1,1010:1:0,Manzarası,AMBIENCE#GENERAL,positive,0,9
1010:2,1010:2:0,hissediyorsun,AMBIENCE#GENERAL,positive,43,56
1010:3,1010:3:0,öğrenci mekanı,AMBIENCE#GENERAL,neutral,17,31
1010:4,1010:4:0,yer,AMBIENCE#GENERAL,neutral,56,59
1011:0,1011:0:0,sohbet edebilmek,AMBIENCE#GENERAL,positive,8,24
1011:1,1011:1:0,Çalan müzik,AMBIENCE#GENERAL,positive,0,11
1011:2,1011:2:0,manzara,AMBIENCE#GENERAL,positive,24,31
1011:2,1011:2:1,Yemekleri,FOOD#QUALITY,positive,0,9
1011:3,1011:3:0,hesap,FOOD#PRICES,negative,6,11
1012:0,1012:0:0,servis,SERVICE#GENERAL,negative,21,27
1012:1,1012:1:0,siparis,SERVICE#GENERAL,negative,104,111
1012:2,1012:2:0,masalarin,AMBIENCE#GENERAL,negative,7,16
1013:0,1013:0:0,ortamında,AMBIENCE#GENERAL,positive,44,53
1013:0,1013:0:1,yemekler,FOOD#QUALITY,positive,60,68
1013:0,1013:0:2,çilekli magnoliasından,FOOD#QUALITY,positive,107,129
1013:1,1013:1:0,tat,FOOD#QUALITY,positive,31,34
1014:0,1014:0:0,Garsonlar,SERVICE#GENERAL,negative,0,9
1014:1,1014:1:0,NULL,RESTAURANT#GENERAL,negative,0,0
1014:2,1014:2:0,Kasarli köftenin,FOOD#STYLE_OPTIONS,negative,0,16
1014:2,1014:2:1,yer,RESTAURANT#GENERAL,negative,66,69
1014:5,1014:5:0,Isletme sahibi,SERVICE#GENERAL,negative,0,14
1014:6,1014:6:0,kasarli köfte,FOOD#STYLE_OPTIONS,negative,6,19
1014:7,1014:7:0,Müsteri memnuniyeti,RESTAURANT#GENERAL,negative,0,19
1015:0,1015:0:0,pide,FOOD#QUALITY,positive,25,29
1015:1,1015:1:0,menüde,FOOD#STYLE_OPTIONS,negative,29,35
1015:2,1015:2:0,fiyatları,RESTAURANT#GENERAL,positive,85,94
1015:2,1015:2:1,ulaşımı,LOCATION#GENERAL,positive,64,71
1015:4,1015:4:0,pide,FOOD#STYLE_OPTIONS,positive,10,14
1015:5,1015:5:0,pideyi,FOOD#STYLE_OPTIONS,negative,66,72
1015:8,1015:8:0,tadı,FOOD#QUALITY,positive,6,10
1015:9,1015:9:0,Malzemesi,FOOD#STYLE_OPTIONS,positive,0,9
1015:9,1015:9:1,porsiyonu,FOOD#STYLE_OPTIONS,positive,15,24
1016:0,1016:0:0,Beşiktaş'ın göbeğinde,LOCATION#GENERAL,positive,0,21
1016:2,1016:2:0,deneyim,RESTAURANT#GENERAL,negative,3,10
1016:3,1016:3:0,Pide lezzeti,FOOD#QUALITY,positive,0,12
1016:3,1016:3:1,siparişleri,SERVICE#GENERAL,negative,128,139
1016:4,1016:4:0,ortası,FOOD#QUALITY,positive,41,47
1016:4,1016:4:1,kenarlarını,FOOD#STYLE_OPTIONS,negative,24,35
1016:5,1016:5:0,gelecek,SERVICE#GENERAL,negative,87,94
1016:6,1016:6:0,Yemek,FOOD#QUALITY,negative,0,5
1016:6,1016:6:1,bütçeyi,RESTAURANT#PRICES,positive,43,50
1017:4,1017:4:0,kahvalti,FOOD#QUALITY,positive,33,41
1017:4,1017:4:1,fiyat,FOOD#PRICES,negative,86,91
1017:4,1017:4:2,servis,SERVICE#GENERAL,negative,20,26
1018:0,1018:0:0,yemekleri,FOOD#QUALITY,positive,69,78
1018:0,1018:0:1,ikram,FOOD#STYLE_OPTIONS,positive,159,164
1018:0,1018:0:2,manzarası,AMBIENCE#GENERAL,positive,111,120
1018:1,1018:1:0,yerlerden,RESTAURANT#GENERAL,positive,97,106
1018:1,1018:1:1,istakoz kavurma,FOOD#QUALITY,positive,25,40
1018:1,1018:1:2,ızgara mantar,FOOD#QUALITY,positive,8,21
1019:0,1019:0:0,mezelerde,FOOD#QUALITY,positive,44,53
1019:1,1019:1:0,kagitta balik pastirma,FOOD#QUALITY,positive,22,44
1019:1,1019:1:1,kuskonmaz somon sarma,FOOD#QUALITY,positive,0,21
1020:0,1020:0:0,caylar,DRINKS#QUALITY,positive,7,13
1020:2,1020:2:0,lezzet,FOOD#QUALITY,positive,57,63
1020:3,1020:3:0,manzara,AMBIENCE#GENERAL,negative,48,55
1020:3,1020:3:1,Ortam,AMBIENCE#GENERAL,positive,0,5
1020:4,1020:4:0,cay,DRINKS#STYLE_OPTIONS,positive,27,30
1021:0,1021:0:0,mekan,RESTAURANT#GENERAL,positive,7,12
1021:1,1021:1:0,köprünün ve hisarın ışıkları,AMBIENCE#GENERAL,positive,48,76
1021:2,1021:2:0,canlı müzikle,AMBIENCE#GENERAL,positive,6,19
1022:0,1022:0:0,NULL,RESTAURANT#GENERAL,negative,0,0
1022:1,1022:1:0,doneri,FOOD#QUALITY,negative,8,14
1022:2,1022:2:0,Eti,FOOD#QUALITY,negative,0,3
1022:2,1022:2:1,Eti,FOOD#STYLE_OPTIONS,negative,0,3
1022:3,1022:3:0,Ortami,AMBIENCE#GENERAL,negative,0,6
1022:4,1022:4:0,NULL,RESTAURANT#GENERAL,negative,0,0
1023:0,1023:0:0,mekan,AMBIENCE#GENERAL,positive,14,19
1023:0,1023:0:1,Eti,FOOD#QUALITY,positive,0,3
1023:1,1023:1:0,sunum,SERVICE#GENERAL,negative,4,9
1023:2,1023:2:0,tabağa,FOOD#STYLE_OPTIONS,negative,41,47
1023:3,1023:3:0,Havuç dilimi,FOOD#QUALITY,negative,0,12
1023:4,1023:4:0,NULL,RESTAURANT#GENERAL,negative,0,0
1024:0,1024:0:0,servis,SERVICE#GENERAL,negative,39,45
1024:1,1024:1:0,NULL,SERVICE#GENERAL,negative,0,0
1024:2,1024:2:0,Big Chefs,RESTAURANT#GENERAL,negative,7,16
1025:2,1025:2:0,tavuk WRAPimiz,FOOD#STYLE_OPTIONS,negative,32,46
1025:3,1025:3:0,kofte durum,SERVICE#GENERAL,negative,39,50
1025:4,1025:4:0,kofte durum,FOOD#QUALITY,neutral,21,32
1025:4,1025:4:1,Tavuklar,FOOD#QUALITY,negative,0,8
1025:5,1025:5:0,tatla,FOOD#QUALITY,negative,84,89
1025:6,1025:6:0,Zeytinyagli tabagi,FOOD#STYLE_OPTIONS,neutral,0,18
1025:7,1025:7:0,koymak,FOOD#STYLE_OPTIONS,negative,28,34
1025:7,1025:7:1,Tadlari,FOOD#QUALITY,positive,0,7
1025:8,1025:8:0,servis,SERVICE#GENERAL,negative,17,23
1025:8,1025:8:1,Fiyatlar,RESTAURANT#PRICES,neutral,0,8
1025:8,1025:8:2,tuvaletler,AMBIENCE#GENERAL,negative,35,45
1026:0,1026:0:0,servis elemanlari,SERVICE#GENERAL,negative,66,83
1026:0,1026:0:1,bayan,SERVICE#GENERAL,negative,115,120
1026:0,1026:0:2,manzaraydi,AMBIENCE#GENERAL,positive,19,29
1026:1,1026:1:0,çesit,FOOD#STYLE_OPTIONS,positive,26,31
1026:1,1026:1:1,sunum,FOOD#STYLE_OPTIONS,negative,44,49
1027:0,1027:0:0,mekan,RESTAURANT#GENERAL,positive,4,9
1027:1,1027:1:0,yerlerden,RESTAURANT#GENERAL,positive,18,27
1027:2,1027:2:0,garsonlarin,SERVICE#GENERAL,negative,115,126
1027:2,1027:2:1,servisin,SERVICE#GENERAL,negative,82,90
1027:3,1027:3:0,garson,SERVICE#GENERAL,negative,14,20
1027:5,1027:5:0,dondurma spesiyalleri ve tatlililari,FOOD#STYLE_OPTIONS,neutral,7,43
1028:0,1028:0:0,yerdi,RESTAURANT#GENERAL,negative,35,40
1028:1,1028:1:0,Garsonlar,SERVICE#GENERAL,negative,0,9
1028:2,1028:2:0,göründügü,AMBIENCE#GENERAL,negative,27,36
1029:1,1029:1:0,Su böregi,FOOD#QUALITY,positive,0,9
1029:2,1029:2:0,Çay,DRINKS#QUALITY,neutral,0,3
1029:3,1029:3:0,NULL,FOOD#QUALITY,positive,0,0
1029:4,1029:4:0,NULL,RESTAURANT#GENERAL,positive,0,0
1030:0,1030:0:0,NULL,RESTAURANT#GENERAL,positive,0,0
1030:0,1030:0:1,manzarasi,AMBIENCE#GENERAL,positive,105,114
1030:3,1030:3:0,manzaraya,AMBIENCE#GENERAL,positive,25,34
1030:4,1030:4:0,fiyat,RESTAURANT#PRICES,positive,35,40
1030:5,1030:5:0,NULL,RESTAURANT#PRICES,positive,0,0
1030:6,1030:6:0,Gözleme,FOOD#STYLE_OPTIONS,positive,0,7
1030:7,1030:7:0,Kuaförü,RESTAURANT#MISCELLANEOUS,positive,0,7
1030:8,1030:8:0,NULL,RESTAURANT#GENERAL,positive,0,0
1031:0,1031:0:0,manzara,AMBIENCE#GENERAL,positive,6,13
1031:0,1031:0:1,mutfak,FOOD#QUALITY,negative,44,50
1031:1,1031:1:0,fiyatlarla,FOOD#PRICES,negative,89,99
1031:1,1031:1:1,deniz ürünlerini,FOOD#QUALITY,negative,61,77
1031:2,1031:2:0,NULL,RESTAURANT#GENERAL,neutral,0,0
1032:0,1032:0:0,restoranda,AMBIENCE#GENERAL,negative,59,69
1032:0,1032:0:1,Döner,FOOD#QUALITY,positive,0,5
1033:0,1033:0:0,Yeri,LOCATION#GENERAL,negative,18,22
1033:0,1033:0:1,yemekleri,FOOD#STYLE_OPTIONS,positive,55,64
1033:0,1033:0:2,yemekleri,FOOD#QUALITY,positive,55,64
1033:0,1033:0:3,dösenmis,AMBIENCE#GENERAL,positive,45,53
1033:0,1033:0:4,ortam,AMBIENCE#GENERAL,positive,10,15
1033:1,1033:1:0,Sira,SERVICE#GENERAL,negative,0,4
1034:0,1034:0:0,mekan,RESTAURANT#GENERAL,neutral,27,32
1034:1,1034:1:0,ortam,AMBIENCE#GENERAL,positive,17,22
1034:1,1034:1:1,fajita,FOOD#QUALITY,negative,83,89
1034:1,1034:1:2,karisik köfte tabagi,FOOD#QUALITY,negative,37,57
1034:1,1034:1:3,Manzara,AMBIENCE#GENERAL,positive,0,7
1035:0,1035:0:0,yiyin,FOOD#QUALITY,negative,12,17
1035:0,1035:0:1,meze,FOOD#QUALITY,positive,7,11
1035:1,1035:1:0,NULL,RESTAURANT#GENERAL,positive,0,0
1035:2,1035:2:0,soslarla,FOOD#STYLE_OPTIONS,positive,24,32
1035:4,1035:4:0,Balığın,FOOD#STYLE_OPTIONS,neutral,0,7
1035:5,1035:5:0,balık,FOOD#STYLE_OPTIONS,negative,12,17
1035:6,1035:6:0,hızlı,SERVICE#GENERAL,positive,12,17
1035:7,1035:7:0,Mısır ekmeği,FOOD#QUALITY,positive,0,12
1036:0,1036:0:0,müzikler,AMBIENCE#GENERAL,positive,31,39
1036:0,1036:0:1,ortam,AMBIENCE#GENERAL,positive,49,54
1036:0,1036:0:2,Mizuno Pudding,FOOD#QUALITY,negative,80,94
1036:0,1036:0:3,çeşit,DRINKS#STYLE_OPTIONS,positive,3,8
1036:0,1036:0:4,hesap,DRINKS#PRICES,negative,141,146
1036:2,1036:2:0,NULL,RESTAURANT#GENERAL,positive,0,0
1036:2,1036:2:1,paraya,DRINKS#PRICES,negative,61,67
1036:2,1036:2:2,Mizuno Pudding'i,FOOD#QUALITY,negative,108,124
1037:1,1037:1:0,NULL,RESTAURANT#GENERAL,positive,0,0
1037:2,1037:2:0,Servisten,SERVICE#GENERAL,positive,0,9
1037:3,1037:3:0,mekan,AMBIENCE#GENERAL,positive,80,85
1038:0,1038:0:0,kalabalıktan,AMBIENCE#GENERAL,negative,29,41
1038:1,1038:1:0,ev hanımları,AMBIENCE#GENERAL,negative,23,35
1038:2,1038:2:0,Garsonlar,SERVICE#GENERAL,positive,0,9
1039:0,1039:0:0,getirmeleride,SERVICE#GENERAL,negative,352,365
1039:0,1039:0:1,garsonlarinin,SERVICE#GENERAL,negative,265,278
1039:0,1039:0:2,NULL,FOOD#STYLE_OPTIONS,negative,0,0
1039:1,1039:1:0,NULL,RESTAURANT#GENERAL,negative,0,0
1040:0,1040:0:0,Eleos,RESTAURANT#GENERAL,negative,95,100
1040:1,1040:1:0,fiyatlar,RESTAURANT#PRICES,negative,65,73
1040:2,1040:2:0,fix menü,FOOD#STYLE_OPTIONS,negative,7,15
1040:3,1040:3:0,Mezeler,FOOD#QUALITY,neutral,0,7
1040:4,1040:4:0,Balkon/teras bölümü,AMBIENCE#GENERAL,negative,0,19
1041:0,1041:0:0,servisi,SERVICE#GENERAL,negative,22,29
1041:0,1041:0:1,mekan,RESTAURANT#GENERAL,negative,55,60
1041:1,1041:1:0,Mekanin isletmecisi beyin,SERVICE#GENERAL,negative,0,25
1041:1,1041:1:1,tavri tarzi konusmasi uslubu,SERVICE#GENERAL,negative,26,54
1041:2,1041:2:0,Mekanin,RESTAURANT#GENERAL,negative,0,7
1041:3,1041:3:0,manzara,AMBIENCE#GENERAL,neutral,15,22
1041:3,1041:3:1,yemekleride,FOOD#QUALITY,negative,51,62
1041:4,1041:4:0,isletmeciyle,SERVICE#GENERAL,negative,48,60
1042:0,1042:0:0,Yemekler,FOOD#QUALITY,positive,0,8
1042:0,1042:0:1,ogle yemeginde,AMBIENCE#GENERAL,negative,25,39
1042:1,1042:1:0,havuc salatasi,FOOD#QUALITY,positive,73,87
1042:1,1042:1:1,bugday salatasi,FOOD#QUALITY,positive,54,69
1043:0,1043:0:0,baklavanın,FOOD#QUALITY,positive,11,21
1043:1,1043:1:0,NULL,RESTAURANT#GENERAL,positive,0,0
1043:2,1043:2:0,karışık tabak,FOOD#QUALITY,positive,21,34
1043:3,1043:3:0,Çikolatalı baklavayıda,FOOD#QUALITY,positive,0,22
1044:0,1044:0:0,manzarasiyla,AMBIENCE#GENERAL,positive,50,62
1044:0,1044:0:1,meze ve yemekleriyle,FOOD#QUALITY,positive,75,95
1044:0,1044:0:2,muzikler,AMBIENCE#GENERAL,positive,141,149
1045:0,1045:0:0,Burayi,RESTAURANT#GENERAL,positive,0,6
1045:2,1045:2:0,Hersey,FOOD#QUALITY,positive,0,6
1045:3,1045:3:0,vakit geçirirsiniz,RESTAURANT#GENERAL,positive,8,26
1046:0,1046:0:0,votka,DRINKS#PRICES,negative,72,77
1046:0,1046:0:1,şarap,DRINKS#PRICES,negative,82,87
1046:1,1046:1:0,müzik,AMBIENCE#GENERAL,negative,40,45
1047:0,1047:0:0,mezeleriyle,FOOD#STYLE_OPTIONS,positive,35,46
1047:1,1047:1:0,mezeleri,FOOD#QUALITY,positive,0,8
1047:2,1047:2:0,çalışanların ilgiside,SERVICE#GENERAL,positive,16,37
1048:0,1048:0:0,NULL,RESTAURANT#GENERAL,negative,0,0
1048:1,1048:1:0,tabak,FOOD#QUALITY,negative,89,94
1048:2,1048:2:0,Hamburgerleri,FOOD#QUALITY,neutral,0,13
1048:3,1048:3:0,NULL,RESTAURANT#GENERAL,negative,0,0
1049:0,1049:0:0,kahvaltı,RESTAURANT#GENERAL,negative,15,23
1049:1,1049:1:0,Porsiyonları,FOOD#STYLE_OPTIONS,negative,0,12
1049:1,1049:1:1,fiyatlar,AMBIENCE#GENERAL,negative,23,31
1049:2,1049:2:0,Garsonlar,SERVICE#GENERAL,negative,0,9
1049:2,1049:2:1,çayları,DRINKS#QUALITY,negative,18,25
1049:3,1049:3:0,tatlı,FOOD#QUALITY,positive,16,21
1049:4,1049:4:0,manzarası,AMBIENCE#GENERAL,positive,5,14
1050:0,1050:0:0,çayları,DRINKS#STYLE_OPTIONS,positive,8,15
1050:1,1050:1:0,Bourbon vanilla,DRINKS#QUALITY,positive,0,15
1050:1,1050:1:1,Irish Malt,DRINKS#QUALITY,positive,19,29
1050:2,1050:2:0,çalışanları,SERVICE#GENERAL,positive,17,28
1050:2,1050:2:1,Servis,SERVICE#GENERAL,positive,0,6
1050:3,1050:3:0,çayların,DRINKS#STYLE_OPTIONS,positive,11,19
1050:4,1050:4:0,müzik seçimleri,AMBIENCE#GENERAL,positive,10,25
1050:5,1050:5:0,serviste,SERVICE#GENERAL,negative,59,67
1051:0,1051:0:0,Mekan,AMBIENCE#GENERAL,positive,0,5
1051:1,1051:1:0,Servis,SERVICE#GENERAL,positive,0,6
1051:2,1051:2:0,çeşit,FOOD#STYLE_OPTIONS,positive,10,15
1051:3,1051:3:0,çeşitler,FOOD#STYLE_OPTIONS,negative,5,13
1051:4,1051:4:0,Fiyatları,RESTAURANT#PRICES,positive,0,9
1051:5,1051:5:0,Yemekler,FOOD#QUALITY,positive,0,8
1052:0,1052:0:0,servis,SERVICE#GENERAL,negative,33,39
1052:0,1052:0:1,yemekler,FOOD#QUALITY,positive,14,22
1052:0,1052:0:2,Manzara,AMBIENCE#GENERAL,positive,0,7
1052:1,1052:1:0,demlik çay,DRINKS#QUALITY,negative,9,19
1052:3,1052:3:0,NULL,RESTAURANT#GENERAL,negative,0,0
1053:2,1053:2:0,NULL,FOOD#QUALITY,positive,0,0
1053:2,1053:2:1,Mekani,AMBIENCE#GENERAL,positive,0,6
1053:2,1053:2:2,çesitler,FOOD#STYLE_OPTIONS,positive,18,26
1053:3,1053:3:0,servisi,SERVICE#GENERAL,positive,0,7
1053:4,1053:4:0,Tesis,LOCATION#GENERAL,neutral,0,5
1054:0,1054:0:0,Etler,FOOD#QUALITY,neutral,0,5
1054:1,1054:1:0,Lezzet,FOOD#QUALITY,neutral,0,6
1054:2,1054:2:0,NULL,RESTAURANT#GENERAL,negative,0,0
1054:3,1054:3:0,Mekan,RESTAURANT#GENERAL,positive,0,5
1054:4,1054:4:0,et,FOOD#QUALITY,negative,3,5
1054:4,1054:4:1,et,FOOD#PRICES,negative,3,5
1055:0,1055:0:0,Kuru fasulye,FOOD#QUALITY,positive,0,12
1055:1,1055:1:0,NULL,FOOD#QUALITY,positive,0,0
1055:2,1055:2:0,menü,FOOD#QUALITY,positive,31,35
1055:3,1055:3:0,personelinden,SERVICE#GENERAL,negative,21,34
1056:0,1056:0:0,burasi,RESTAURANT#GENERAL,negative,36,42
1056:1,1056:1:0,kokusu tadi,FOOD#QUALITY,negative,60,71
1056:1,1056:1:1,menemen,FOOD#QUALITY,negative,35,42
1056:1,1056:1:2,Kahvaltiliklar,FOOD#STYLE_OPTIONS,negative,0,14
1056:2,1056:2:0,yedigimi,FOOD#QUALITY,negative,43,51
1057:0,1057:0:0,mekandır,RESTAURANT#GENERAL,positive,61,69
1057:1,1057:1:0,bahçesi,AMBIENCE#GENERAL,positive,141,148
1057:1,1057:1:1,mekanda,AMBIENCE#GENERAL,positive,87,94
1057:1,1057:1:2,fiyatlar,RESTAURANT#PRICES,positive,118,126
1057:1,1057:1:3,servis,SERVICE#GENERAL,positive,95,101
1057:2,1057:2:0,NULL,RESTAURANT#GENERAL,positive,0,0
1058:0,1058:0:0,lezzetleri,FOOD#QUALITY,positive,11,21
1058:0,1058:0:1,Küçük Ev,RESTAURANT#GENERAL,positive,48,56
1058:0,1058:0:2,ilgi,SERVICE#GENERAL,positive,39,43
1058:1,1058:1:0,döner,FOOD#QUALITY,positive,31,36
1058:2,1058:2:0,NULL,FOOD#QUALITY,positive,0,0
1058:3,1058:3:0,dönerini ve kavurmali pidesini,FOOD#QUALITY,positive,29,59
1058:4,1058:4:0,yediklerimizide,FOOD#QUALITY,positive,6,21
1058:5,1058:5:0,manda yogurtlarinida,FOOD#QUALITY,positive,17,37
1058:6,1058:6:0,kaymakli ayva tatlisini,FOOD#QUALITY,positive,38,61
1058:6,1058:6:1,kazandibini,FOOD#QUALITY,positive,23,34
1058:7,1058:7:0,Fiyatlar,RESTAURANT#PRICES,positive,0,8
1058:7,1058:7:1,konumundan,LOCATION#GENERAL,positive,47,57
1058:7,1058:7:2,hizmet,SERVICE#GENERAL,positive,21,27
1058:9,1058:9:0,ortamini,AMBIENCE#GENERAL,positive,10,18
1058:10,1058:10:0,ortami,AMBIENCE#GENERAL,positive,24,30
1058:11,1058:11:0,agaç,AMBIENCE#GENERAL,positive,38,42
1058:13,1058:13:0,çaba,AMBIENCE#GENERAL,positive,35,39
1058:14,1058:14:0,ürünleri,FOOD#STYLE_OPTIONS,positive,49,57
1058:15,1058:15:0,kasarli ve kavurmali pide,FOOD#QUALITY,positive,48,73
1058:16,1058:16:0,NULL,RESTAURANT#GENERAL,positive,0,0
1059:0,1059:0:0,NULL,FOOD#QUALITY,negative,0,0
1059:1,1059:1:0,NULL,FOOD#QUALITY,negative,0,0
1059:2,1059:2:0,NULL,FOOD#QUALITY,negative,0,0
1059:3,1059:3:0,Biberler,FOOD#QUALITY,negative,0,8
1059:4,1059:4:0,domates,FOOD#QUALITY,negative,30,37
1059:5,1059:5:0,menemen,FOOD#QUALITY,negative,6,13
1059:6,1059:6:0,Açik ayrani,DRINKS#QUALITY,neutral,0,11
1059:7,1059:7:0,NULL,RESTAURANT#GENERAL,positive,0,0
1060:0,1060:0:0,Manzara,AMBIENCE#GENERAL,positive,0,7
1060:0,1060:0:1,cesit,FOOD#STYLE_OPTIONS,negative,126,131
1060:0,1060:0:2,NULL,RESTAURANT#PRICES,negative,0,0
1060:0,1060:0:3,yemegi,FOOD#QUALITY,negative,35,41
1060:1,1060:1:0,patates kizartmasi,FOOD#QUALITY,positive,115,133
1060:1,1060:1:1,sunum,SERVICE#GENERAL,negative,42,47
1060:1,1060:1:2,hamburgeri,FOOD#QUALITY,negative,0,10
1061:0,1061:0:0,yer,RESTAURANT#GENERAL,positive,49,52
1061:2,1061:2:0,doyduk,FOOD#STYLE_OPTIONS,positive,48,54
1061:3,1061:3:0,çay,DRINKS#STYLE_OPTIONS,positive,30,33
1061:4,1061:4:0,ücret,RESTAURANT#PRICES,neutral,59,64
1061:5,1061:5:0,patates,FOOD#PRICES,neutral,39,46
1061:5,1061:5:1,menemen,FOOD#PRICES,neutral,25,32
1061:5,1061:5:2,kahvalti tabagi,FOOD#PRICES,neutral,0,15
1062:0,1062:0:0,Sani,RESTAURANT#GENERAL,positive,0,4
1062:1,1062:1:0,NULL,RESTAURANT#GENERAL,neutral,0,0
1062:2,1062:2:0,fiyat,RESTAURANT#PRICES,negative,21,26
1062:2,1062:2:1,Etine,FOOD#QUALITY,positive,0,5
1062:3,1062:3:0,ortamini,AMBIENCE#GENERAL,negative,11,19
1063:0,1063:0:0,çay,FOOD#QUALITY,positive,25,28
1063:0,1063:0:1,çay,FOOD#STYLE_OPTIONS,positive,25,28
1063:1,1063:1:0,atmosfere,AMBIENCE#GENERAL,positive,77,86
1063:1,1063:1:1,sokak aralarında,LOCATION#GENERAL,positive,14,30
1063:2,1063:2:0,Servis,SERVICE#GENERAL,positive,0,6
1063:3,1063:3:0,Müşterisi,RESTAURANT#GENERAL,neutral,0,9
1063:4,1063:4:0,Kül tablalarının,SERVICE#GENERAL,negative,0,16
1064:0,1064:0:0,Manzara'ya,AMBIENCE#GENERAL,positive,0,10
1064:1,1064:1:0,Dekorasyon,AMBIENCE#GENERAL,positive,0,10
1064:2,1064:2:0,NULL,RESTAURANT#GENERAL,neutral,0,0
1064:3,1064:3:0,NULL,RESTAURANT#GENERAL,negative,0,0
1064:4,1064:4:0,manzara,AMBIENCE#GENERAL,positive,37,44
1064:4,1064:4:1,Fiyatlar,RESTAURANT#PRICES,negative,0,8
1064:5,1064:5:0,Aşk-ı Memnu'yu,FOOD#QUALITY,positive,0,14
1064:6,1064:6:0,Kuş Yuvası,FOOD#QUALITY,positive,28,38
1065:0,1065:0:0,yer,AMBIENCE#GENERAL,neutral,15,18
1065:1,1065:1:0,kızartma combosu,FOOD#QUALITY,positive,6,22
1065:2,1065:2:0,servis,SERVICE#GENERAL,negative,28,34
1065:3,1065:3:0,hesabın gelmesi,SERVICE#GENERAL,negative,10,25
1066:0,1066:0:0,NULL,RESTAURANT#GENERAL,negative,0,0
1066:1,1066:1:0,konsept,AMBIENCE#GENERAL,negative,39,46
1067:0,1067:0:0,sipariş,SERVICE#GENERAL,negative,57,64
1067:2,1067:2:0,NULL,SERVICE#GENERAL,negative,0,0
1068:0,1068:0:0,ortam,AMBIENCE#GENERAL,positive,23,28
1068:0,1068:0:1,yemekler,FOOD#QUALITY,positive,5,13
1068:1,1068:1:0,hesabi,SERVICE#GENERAL,negative,30,36
1068:1,1068:1:1,Calisanlar,SERVICE#GENERAL,negative,0,10
1069:0,1069:0:0,fiyat,RESTAURANT#PRICES,positive,50,55
1069:0,1069:0:1,içecek çeşitliliği,DRINKS#STYLE_OPTIONS,negative,0,18
1069:1,1069:1:0,NULL,RESTAURANT#GENERAL,positive,0,0
1069:2,1069:2:0,Türk kahvesi,DRINKS#QUALITY,positive,0,12
1070:0,1070:0:0,Manzarasi ve dizayni,AMBIENCE#GENERAL,positive,0,20
1070:0,1070:0:1,porsiyonlar,FOOD#STYLE_OPTIONS,negative,52,63
1070:0,1070:0:2,garsonlar,SERVICE#GENERAL,negative,33,42
1070:0,1070:0:3,NULL,RESTAURANT#PRICES,negative,0,0
1070:2,1070:2:0,Lezzet,FOOD#QUALITY,neutral,0,6
1070:3,1070:3:0,manzara,AMBIENCE#GENERAL,positive,7,14
1070:3,1070:3:1,NULL,RESTAURANT#GENERAL,negative,0,0
1071:0,1071:0:0,Happy hour,RESTAURANT#GENERAL,positive,0,10
1071:1,1071:1:0,burgerleri ve pizzasi,FOOD#QUALITY,positive,6,27
1071:2,1071:2:0,yer,RESTAURANT#GENERAL,positive,39,42
1072:0,1072:0:0,pizzalar,FOOD#QUALITY,neutral,45,53
1072:1,1072:1:0,NULL,RESTAURANT#GENERAL,negative,0,0
1073:0,1073:0:0,Yediginiz herseyin,FOOD#QUALITY,positive,18,36
1073:1,1073:1:0,Yemeklerin doyuruculugu ve lezzeti,FOOD#QUALITY,positive,0,34
1073:1,1073:1:1,yer bulmakta,AMBIENCE#GENERAL,negative,70,82
1074:0,1074:0:0,Manzaraya,AMBIENCE#GENERAL,positive,0,9
1074:0,1074:0:1,sufleye,FOOD#QUALITY,positive,13,20
1074:1,1074:1:0,Big Chefs'te oturmak,AMBIENCE#GENERAL,positive,77,97
1074:1,1074:1:1,köprü manzarasi,AMBIENCE#GENERAL,positive,37,52
1074:2,1074:2:0,"4,5 lira",DRINKS#PRICES,neutral,21,29
1074:2,1074:2:1,"13,5 lira",FOOD#PRICES,neutral,6,15
1075:2,1075:2:0,sulu yemek,FOOD#STYLE_OPTIONS,neutral,7,17
1075:3,1075:3:0,fiyatlari,RESTAURANT#PRICES,positive,27,36
1075:4,1075:4:0,çesitleri,FOOD#STYLE_OPTIONS,positive,36,45
1076:0,1076:0:0,Iftar menüsü,FOOD#PRICES,neutral,0,12
1076:1,1076:1:0,Ezogelin çorba,FOOD#QUALITY,negative,0,14
1076:2,1076:2:0,servis edildigi,SERVICE#GENERAL,negative,9,24
1076:3,1076:3:0,Içli köfte ve pirzola,FOOD#QUALITY,positive,0,21
1076:4,1076:4:0,Servis,SERVICE#GENERAL,negative,0,6
1076:5,1076:5:0,tuvaletler,AMBIENCE#GENERAL,negative,35,45
1077:0,1077:0:0,içecekler,DRINKS#STYLE_OPTIONS,negative,19,28
1077:0,1077:0:1,garsonlar,SERVICE#GENERAL,negative,47,56
1077:1,1077:1:0,NULL,RESTAURANT#GENERAL,negative,0,0
1078:1,1078:1:0,servisi,SERVICE#GENERAL,negative,45,52
1079:0,1079:0:0,deniz ürününü,FOOD#STYLE_OPTIONS,neutral,4,17
1079:1,1079:1:0,NULL,FOOD#STYLE_OPTIONS,negative,0,0
1079:2,1079:2:0,Kızartma,FOOD#STYLE_OPTIONS,positive,74,82
1079:3,1079:3:0,soya soslu somon,FOOD#QUALITY,positive,7,23
1079:3,1079:3:1,başarılıydı,FOOD#QUALITY,negative,24,35
1080:0,1080:0:0,cafe,RESTAURANT#GENERAL,positive,225,229
1080:0,1080:0:1,bahçesi,AMBIENCE#GENERAL,positive,42,49
1080:0,1080:0:2,açik büfe kahvaltisi,FOOD#STYLE_OPTIONS,positive,87,107
1081:0,1081:0:0,içli köfte,FOOD#QUALITY,negative,16,26
1081:0,1081:0:1,tereyagi,FOOD#QUALITY,negative,38,46
1081:1,1081:1:0,Garsonu,SERVICE#GENERAL,negative,0,7
1081:2,1081:2:0,NULL,SERVICE#GENERAL,negative,0,0
1082:0,1082:0:0,servis eden,SERVICE#GENERAL,negative,39,50
1082:1,1082:1:0,toplayan,SERVICE#GENERAL,negative,43,51
1082:2,1082:2:0,NULL,FOOD#STYLE_OPTIONS,negative,0,0
1082:3,1082:3:0,çay servisi,SERVICE#GENERAL,negative,31,42
1082:4,1082:4:0,NULL,RESTAURANT#GENERAL,negative,0,0
1082:5,1082:5:0,satıyor,RESTAURANT#GENERAL,negative,8,15
1082:5,1082:5:1,Manzara,AMBIENCE#GENERAL,positive,0,7
1082:6,1082:6:0,örneği,RESTAURANT#GENERAL,negative,26,32
1083:0,1083:0:0,ev yemekleri,FOOD#QUALITY,positive,65,77
1083:0,1083:0:1,Ev yemekleri,FOOD#STYLE_OPTIONS,positive,0,12
1083:1,1083:1:0,Mekan,AMBIENCE#GENERAL,negative,0,5
1083:2,1083:2:0,yer bulamadigimiz,SERVICE#GENERAL,negative,10,27
1083:3,1083:3:0,ürünler,FOOD#QUALITY,positive,8,15
1083:3,1083:3:1,fiyat,FOOD#PRICES,positive,28,33
1083:4,1083:4:0,NULL,SERVICE#GENERAL,negative,0,0
1083:4,1083:4:1,NULL,RESTAURANT#GENERAL,positive,0,0
1084:0,1084:0:0,manzara,AMBIENCE#GENERAL,positive,53,60
1084:0,1084:0:1,yemekler,FOOD#QUALITY,positive,26,34
1084:0,1084:0:2,kokteyliler,DRINKS#QUALITY,positive,35,46
1084:0,1084:0:3,mekan,AMBIENCE#GENERAL,positive,20,25
1085:1,1085:1:0,Malzemeler,FOOD#STYLE_OPTIONS,positive,0,10
1085:1,1085:1:1,hamuru,FOOD#STYLE_OPTIONS,negative,21,27
1085:3,1085:3:0,mekan,AMBIENCE#GENERAL,positive,13,18
1085:6,1085:6:0,Alkol,DRINKS#STYLE_OPTIONS,negative,0,5
1086:0,1086:0:0,yemeğini,FOOD#PRICES,negative,20,28
1086:1,1086:1:0,manzaranın,AMBIENCE#GENERAL,negative,89,99
1086:1,1086:1:1,Yemekler,FOOD#QUALITY,positive,0,8
1086:2,1086:2:0,Yemek porsiyonları,FOOD#STYLE_OPTIONS,negative,0,18
1086:3,1086:3:0,Vale hizmeti,SERVICE#GENERAL,neutral,0,12
1087:0,1087:0:0,Rock'n Roll burger,FOOD#QUALITY,neutral,0,18
1087:1,1087:1:0,Burger ekmegi,FOOD#QUALITY,negative,0,13
1087:2,1087:2:0,sos,FOOD#QUALITY,negative,10,13
1087:3,1087:3:0,Ortami,AMBIENCE#GENERAL,positive,0,6
1088:0,1088:0:0,Mekan,AMBIENCE#GENERAL,neutral,0,5
1088:1,1088:1:0,kahvalti merkezi,RESTAURANT#GENERAL,neutral,57,73
1088:2,1088:2:0,Yemeklerini,FOOD#QUALITY,positive,0,11
1088:2,1088:2:1,caylarini,DRINKS#QUALITY,positive,15,24
1088:3,1088:3:0,Fiyat,RESTAURANT#PRICES,positive,0,5
1088:4,1088:4:0,NULL,RESTAURANT#GENERAL,positive,0,0
1089:0,1089:0:0,biraları,DRINKS#STYLE_OPTIONS,negative,17,25
1089:1,1089:1:0,garsonlar,SERVICE#GENERAL,positive,27,36
1089:1,1089:1:1,servis,SERVICE#GENERAL,positive,16,22
1089:1,1089:1:2,mekan,AMBIENCE#GENERAL,positive,61,66
1089:2,1089:2:0,Yemekler,FOOD#STYLE_OPTIONS,positive,0,8
1089:3,1089:3:0,mekan,AMBIENCE#GENERAL,positive,43,48
1090:0,1090:0:0,menüsünü,FOOD#STYLE_OPTIONS,positive,39,47
1090:0,1090:0:1,menüsünü,FOOD#QUALITY,positive,39,47
1090:1,1090:1:0,NULL,RESTAURANT#GENERAL,positive,0,0
1090:2,1090:2:0,Magnolia'sı,FOOD#QUALITY,positive,0,11
1090:2,1090:2:1,limonatası,DRINKS#QUALITY,positive,18,28
1090:3,1090:3:0,sunuyorlar,SERVICE#GENERAL,positive,35,45
1091:0,1091:0:0,Somon ızgarasına,FOOD#QUALITY,neutral,0,16
1091:1,1091:1:0,NULL,FOOD#QUALITY,positive,0,0
1091:2,1091:2:0,öğle yemeği,FOOD#QUALITY,positive,10,21
1091:3,1091:3:0,Bahçesi,AMBIENCE#GENERAL,positive,0,7
1091:4,1091:4:0,Salıncağı,AMBIENCE#GENERAL,positive,0,9
1091:5,1091:5:0,soğuk kahve,DRINKS#QUALITY,positive,17,28
1092:0,1092:0:0,manzarası,AMBIENCE#GENERAL,positive,86,95
1092:0,1092:0:1,servisi,SERVICE#GENERAL,positive,172,179
1092:0,1092:0:2,yerlerinden,LOCATION#GENERAL,positive,17,28
1092:0,1092:0:3,müzikleri,AMBIENCE#GENERAL,positive,125,134
1092:0,1092:0:4,dekorasyonu,AMBIENCE#GENERAL,positive,64,75
1092:1,1092:1:0,Kahvaltı seçenekleri,FOOD#STYLE_OPTIONS,positive,0,20
1092:2,1092:2:0,Yemekleri,FOOD#QUALITY,neutral,0,9
1092:3,1092:3:0,fiyatlar,RESTAURANT#PRICES,positive,35,43
1092:4,1092:4:0,NULL,RESTAURANT#GENERAL,positive,0,0
1093:0,1093:0:0,pideci,FOOD#QUALITY,positive,20,26
1093:1,1093:1:0,NULL,FOOD#QUALITY,negative,0,0
1093:2,1093:2:0,fiyatlari,FOOD#PRICES,neutral,0,9
1093:2,1093:2:1,porsiyonlari,FOOD#STYLE_OPTIONS,neutral,25,37
1093:3,1093:3:0,NULL,SERVICE#GENERAL,negative,0,0
1093:3,1093:3:1,kisiyorum,RESTAURANT#GENERAL,positive,30,39
1093:4,1093:4:0,yeri,LOCATION#GENERAL,positive,34,38
1093:6,1093:6:0,malzemesi,FOOD#STYLE_OPTIONS,positive,14,23
1093:6,1093:6:1,porsiyonu,FOOD#STYLE_OPTIONS,positive,0,9
1093:6,1093:6:2,hamuru,FOOD#STYLE_OPTIONS,positive,28,34
1093:6,1093:6:3,servis,SERVICE#GENERAL,negative,53,59
1093:7,1093:7:0,servis,SERVICE#GENERAL,negative,0,6
1093:8,1093:8:0,NULL,SERVICE#GENERAL,negative,0,0
1093:9,1093:9:0,NULL,SERVICE#GENERAL,negative,0,0
1093:10,1093:10:0,NULL,FOOD#STYLE_OPTIONS,negative,0,0
1093:10,1093:10:1,pide,FOOD#QUALITY,positive,32,36
1093:11,1093:11:0,gelince,SERVICE#GENERAL,negative,80,87
1093:11,1093:11:1,tatli,FOOD#STYLE_OPTIONS,positive,0,5
1094:0,1094:0:0,servis,SERVICE#GENERAL,neutral,84,90
1094:0,1094:0:1,otopark,SERVICE#GENERAL,negative,135,142
1094:0,1094:0:2,fiatlar,RESTAURANT#PRICES,neutral,149,156
1094:0,1094:0:3,kalite,RESTAURANT#GENERAL,neutral,5,11
1095:0,1095:0:0,Manzarasi,AMBIENCE#GENERAL,positive,0,9
1095:1,1095:1:0,fiyatlar,RESTAURANT#PRICES,neutral,0,8
1095:2,1095:2:0,otopark,LOCATION#GENERAL,positive,0,7
1095:3,1095:3:0,mekan,AMBIENCE#GENERAL,positive,28,33
1096:0,1096:0:0,Kuru fasulyesi,FOOD#QUALITY,positive,0,14
1096:1,1096:1:0,Sutlaci,FOOD#QUALITY,positive,0,7
1096:2,1096:2:0,Köftesi,FOOD#QUALITY,positive,0,7
1096:3,1096:3:0,yer,AMBIENCE#GENERAL,positive,15,18
1096:4,1096:4:0,Çalışanlar,SERVICE#GENERAL,positive,0,10
1096:5,1096:5:0,NULL,RESTAURANT#GENERAL,positive,0,0
1097:0,1097:0:0,Park,LOCATION#GENERAL,negative,0,4
1097:1,1097:1:0,Valesi,SERVICE#GENERAL,neutral,0,6
1097:2,1097:2:0,seçeneğiniz,FOOD#STYLE_OPTIONS,negative,31,42
1097:3,1097:3:0,Brunch,FOOD#STYLE_OPTIONS,neutral,0,6
1097:4,1097:4:0,ücret,FOOD#PRICES,negative,49,54
1097:5,1097:5:0,Mekanın lokasyonu,LOCATION#GENERAL,positive,0,17
1097:6,1097:6:0,ücret,FOOD#PRICES,negative,62,67
1097:6,1097:6:1,brunch,FOOD#PRICES,negative,10,16
1098:1,1098:1:0,siparişlerde,SERVICE#GENERAL,negative,45,57
1099:0,1099:0:0,doner kesimi,FOOD#STYLE_OPTIONS,positive,35,47
1099:0,1099:0:1,lezzet,FOOD#QUALITY,positive,27,33
1099:1,1099:1:0,NULL,FOOD#QUALITY,positive,0,0
1099:2,1099:2:0,tandir lavasi,FOOD#QUALITY,positive,21,34
1099:3,1099:3:0,siparisiniz,SERVICE#GENERAL,positive,17,28
1099:4,1099:4:0,salata ve patates kizartmasi,FOOD#STYLE_OPTIONS,neutral,11,39
1099:5,1099:5:0,donerci,RESTAURANT#GENERAL,positive,16,23
1100:0,1100:0:0,kafedir,RESTAURANT#GENERAL,negative,34,41
1100:1,1100:1:0,fiyatlar,RESTAURANT#PRICES,negative,25,33
1100:3,1100:3:0,NULL,RESTAURANT#PRICES,negative,0,0
1100:4,1100:4:0,kavanoz tatlıya,FOOD#PRICES,negative,32,47
1100:4,1100:4:1,ayvalık tostuna,FOOD#PRICES,negative,4,19
1100:4,1100:4:2,mekana,RESTAURANT#GENERAL,negative,67,73
1100:5,1100:5:0,NULL,RESTAURANT#GENERAL,negative,0,0
1100:6,1100:6:0,Fiyat skalasını,RESTAURANT#PRICES,negative,44,59
1101:0,1101:0:0,tiramisu,FOOD#QUALITY,positive,32,40
1101:0,1101:0:1,Tatlilari,FOOD#QUALITY,positive,11,20
1101:1,1101:1:0,Unsuz çikolatali pastasi,FOOD#QUALITY,negative,0,24
1102:0,1102:0:0,Yemeklerin,FOOD#QUALITY,negative,0,10
1102:1,1102:1:0,Ortam,AMBIENCE#GENERAL,negative,0,5
1102:2,1102:2:0,Garsonlar,SERVICE#GENERAL,negative,0,9
1102:3,1102:3:0,NULL,RESTAURANT#GENERAL,negative,0,0
1103:0,1103:0:0,Konum,LOCATION#GENERAL,negative,8,13
1103:0,1103:0:1,ögle yemekleri,FOOD#QUALITY,positive,64,78
1103:1,1103:1:0,Yemeklerin lezzetine,FOOD#QUALITY,positive,0,20
1103:1,1103:1:1,Topkapi kebabi,FOOD#QUALITY,positive,61,75
1104:0,1104:0:0,Koftenin,FOOD#QUALITY,negative,0,8
1104:1,1104:1:0,guleryuz,SERVICE#GENERAL,negative,11,19
1104:1,1104:1:1,Hizmet,SERVICE#GENERAL,negative,0,6
1104:2,1104:2:0,NULL,RESTAURANT#GENERAL,negative,0,0
1104:2,1104:2:1,Manzaranin,AMBIENCE#GENERAL,positive,0,10
1104:3,1104:3:0,Masalar,AMBIENCE#GENERAL,negative,0,7
1105:0,1105:0:0,kebaplari,FOOD#QUALITY,negative,18,27
1105:1,1105:1:0,tatlilari,FOOD#QUALITY,positive,44,53
1105:1,1105:1:1,Kebap,FOOD#QUALITY,neutral,0,5
1106:0,1106:0:0,Hizmetten,SERVICE#GENERAL,positive,0,9
1106:1,1106:1:0,Herkes,SERVICE#GENERAL,positive,0,6
1106:3,1106:3:0,D Somon izgara,FOOD#QUALITY,neutral,0,14
1106:3,1106:3:1,etli quesadilla,FOOD#QUALITY,neutral,18,33
1106:4,1106:4:0,kuskonmazli ispanakli sote,FOOD#QUALITY,positive,29,55
1106:4,1106:4:1,yemek,FOOD#QUALITY,positive,68,73
1106:5,1106:5:0,Etli quesadillanin,FOOD#QUALITY,positive,0,18
1106:6,1106:6:0,NULL,RESTAURANT#GENERAL,positive,0,0
1107:0,1107:0:0,mekan,RESTAURANT#GENERAL,positive,13,18
1107:1,1107:1:0,menüsü,FOOD#STYLE_OPTIONS,positive,19,25
1107:1,1107:1:1,bahçesi,AMBIENCE#GENERAL,positive,10,17
1107:1,1107:1:2,Müzikler,AMBIENCE#GENERAL,positive,0,8
1107:2,1107:2:0,yer,AMBIENCE#GENERAL,positive,63,66
1107:2,1107:2:1,ortamı,AMBIENCE#GENERAL,positive,10,16
1107:3,1107:3:0,Çalışanları,SERVICE#GENERAL,positive,0,11
1107:4,1107:4:0,konumu,LOCATION#GENERAL,negative,63,69
1108:0,1108:0:0,manzarası,AMBIENCE#GENERAL,positive,42,51
1108:1,1108:1:0,fiyatlar,RESTAURANT#PRICES,positive,17,25
1108:1,1108:1:1,yemekler,FOOD#QUALITY,positive,2,10
1108:2,1108:2:0,Tavukgöğsü,FOOD#QUALITY,positive,0,10
1109:0,1109:0:0,biyer,RESTAURANT#GENERAL,negative,7,12
1109:0,1109:0:1,calisanlarin tavirlari,SERVICE#GENERAL,negative,83,105
1110:1,1110:1:0,Çömlekte ev yapimi yogurtlarini,FOOD#QUALITY,positive,0,31
1110:2,1110:2:0,yogurdun,FOOD#QUALITY,positive,34,42
1110:3,1110:3:0,Fiyati,FOOD#PRICES,neutral,0,6
1110:5,1110:5:0,15-25 TL'ye,FOOD#PRICES,positive,36,47
1110:6,1110:6:0,Dekorasyon,AMBIENCE#GENERAL,positive,0,10
1110:6,1110:6:1,bonsai agaç,AMBIENCE#GENERAL,positive,64,75
1110:8,1110:8:0,karsilandik,SERVICE#GENERAL,positive,8,19
1110:9,1110:9:0,NULL,RESTAURANT#GENERAL,positive,0,0
1110:11,1110:11:0,Her seyden,FOOD#QUALITY,neutral,2,12
1110:12,1110:12:0,döner ve kavurmali pide,FOOD#QUALITY,positive,23,46
1110:13,1110:13:0,Kavurmali pide,FOOD#QUALITY,positive,0,14
1110:14,1110:14:0,tavuk gögsü,FOOD#QUALITY,positive,11,22
1110:15,1110:15:0,Irmik helvasinin,FOOD#QUALITY,positive,0,16
1110:15,1110:15:1,tavuk gögsünden,FOOD#QUALITY,positive,20,35
1111:0,1111:0:0,yer,RESTAURANT#GENERAL,positive,69,72
1111:1,1111:1:0,mantısı,FOOD#QUALITY,neutral,41,48
1111:1,1111:1:1,Yemekleri,FOOD#QUALITY,neutral,0,9
1111:2,1111:2:0,ev yemeğinin,FOOD#STYLE_OPTIONS,positive,26,38
1111:3,1111:3:0,Zeytinyağlı tabağı,FOOD#QUALITY,positive,0,18
1111:3,1111:3:1,porsiyonu,FOOD#STYLE_OPTIONS,positive,46,55
1112:1,1112:1:0,mekandır,AMBIENCE#GENERAL,negative,67,75
1113:0,1113:0:0,mekanlardan,RESTAURANT#GENERAL,positive,47,58
1113:4,1113:4:0,NY steak,FOOD#QUALITY,positive,31,39
1113:4,1113:4:1,Hamburgeri,FOOD#QUALITY,positive,2,12
1113:5,1113:5:0,kokteylleri,DRINKS#QUALITY,neutral,41,52
1113:6,1113:6:0,NULL,FOOD#QUALITY,positive,0,0
1114:0,1114:0:0,happy moons,RESTAURANT#GENERAL,negative,10,21
1114:1,1114:1:0,çalışanları,SERVICE#GENERAL,positive,15,26
1114:1,1114:1:1,Servisi,SERVICE#GENERAL,positive,0,7
1114:1,1114:1:2,yemeklerinden,FOOD#QUALITY,negative,44,57
1114:2,1114:2:0,NULL,RESTAURANT#GENERAL,negative,0,0
1114:2,1114:2:1,çilekli limonatasını,DRINKS#QUALITY,positive,11,31
1115:0,1115:0:0,mekan,RESTAURANT#GENERAL,negative,46,51
1115:0,1115:0:1,manzara ve konum,AMBIENCE#GENERAL,positive,9,25
1115:1,1115:1:0,NULL,RESTAURANT#GENERAL,negative,0,0
1116:0,1116:0:0,Yemekleri,FOOD#QUALITY,neutral,0,9
1116:1,1116:1:0,zeytinyaglilari,FOOD#QUALITY,positive,10,25
1116:2,1116:2:0,zeytinyagli veya ev yemegivari,FOOD#QUALITY,positive,18,48
1116:3,1116:3:0,evlere servis hizmetini,SERVICE#GENERAL,negative,22,45
1116:4,1116:4:0,beklemeye,SERVICE#GENERAL,negative,39,48
1116:5,1116:5:0,beklemeyi,SERVICE#GENERAL,negative,34,43
1116:6,1116:6:0,firinda makarnasi,FOOD#QUALITY,negative,20,37
1117:0,1117:0:0,omleti,FOOD#QUALITY,negative,95,101
1117:0,1117:0:1,kahvaltı,FOOD#QUALITY,positive,53,61
1117:0,1117:0:2,dekorasyonda,AMBIENCE#GENERAL,positive,22,34
1117:0,1117:0:3,Manzarasi,AMBIENCE#GENERAL,positive,0,9
1117:1,1117:1:0,süslemeleri,SERVICE#GENERAL,positive,44,55
1117:1,1117:1:1,kahvaltıya,SERVICE#GENERAL,positive,73,83
1117:2,1117:2:0,yemek porsiyonları,FOOD#STYLE_OPTIONS,negative,74,92
1117:2,1117:2:1,sunum,FOOD#STYLE_OPTIONS,negative,104,109
1117:2,1117:2:2,Kahvaltısı,FOOD#QUALITY,positive,0,10
1117:3,1117:3:0,yer,RESTAURANT#GENERAL,negative,42,45
1117:3,1117:3:1,manzarası,AMBIENCE#GENERAL,positive,9,18
1118:0,1118:0:0,karşılama,SERVICE#GENERAL,positive,50,59
1118:0,1118:0:1,çalışanlar,SERVICE#GENERAL,positive,78,88
1118:1,1118:1:0,Sunumu,SERVICE#GENERAL,positive,0,6
1118:2,1118:2:0,yemekti,AMBIENCE#GENERAL,positive,16,23
1118:3,1118:3:0,NULL,RESTAURANT#GENERAL,positive,0,0
1119:0,1119:0:0,mezelere,FOOD#QUALITY,positive,49,57
1119:1,1119:1:0,Manzara,AMBIENCE#GENERAL,neutral,0,7
1119:1,1119:1:1,lakerdası,FOOD#QUALITY,positive,42,51
1119:1,1119:1:2,mezeleri,FOOD#QUALITY,positive,76,84
1119:2,1119:2:0,Fıstıklı peynirli meze,FOOD#QUALITY,positive,0,22
1119:3,1119:3:0,Kişi başı,RESTAURANT#PRICES,positive,0,9
1119:3,1119:3:1,mezelerinizle,FOOD#QUALITY,positive,31,44
1120:0,1120:0:0,manzarasi,AMBIENCE#GENERAL,positive,34,43
1120:0,1120:0:1,Konum,LOCATION#GENERAL,positive,0,5
1120:1,1120:1:0,Limonatasi,DRINKS#STYLE_OPTIONS,positive,0,10
1120:1,1120:1:1,Limonatasi,DRINKS#QUALITY,positive,0,10
1120:1,1120:1:2,ayvalik tostu,FOOD#QUALITY,neutral,36,49
1120:2,1120:2:0,hizmet kalitesi,SERVICE#GENERAL,negative,33,48
1120:3,1120:3:0,bogaz manzarasi,AMBIENCE#GENERAL,positive,118,133
1120:3,1120:3:1,hizmet kalitesi,SERVICE#GENERAL,negative,59,74
1120:3,1120:3:2,lokasyon,LOCATION#GENERAL,positive,97,105
1121:0,1121:0:0,kahvalti,FOOD#QUALITY,positive,8,16
1121:1,1121:1:0,Manzarasi,AMBIENCE#GENERAL,positive,0,9
1121:2,1121:2:0,Garsonlar,SERVICE#GENERAL,negative,0,9
1121:3,1121:3:0,kisi basi,RESTAURANT#PRICES,neutral,6,15
1121:4,1121:4:0,acik büfe menüsü,FOOD#STYLE_OPTIONS,positive,11,27
1121:5,1121:5:0,yer,RESTAURANT#GENERAL,positive,12,15
1122:0,1122:0:0,NULL,RESTAURANT#GENERAL,negative,0,0
1122:1,1122:1:0,yediklerimden,FOOD#QUALITY,negative,32,45
1122:2,1122:2:0,mekanın manzarası,AMBIENCE#GENERAL,positive,19,36
1122:2,1122:2:1,lezzet,FOOD#QUALITY,negative,56,62
1122:2,1122:2:2,Garson arkadaşlar,SERVICE#GENERAL,positive,0,17
1122:2,1122:2:3,hizmet,SERVICE#GENERAL,positive,38,44
1122:3,1122:3:0,kalamar,FOOD#QUALITY,negative,24,31
1122:5,1122:5:0,burada,RESTAURANT#GENERAL,negative,18,24
1123:0,1123:0:0,mekanlardan,RESTAURANT#GENERAL,neutral,112,123
1123:1,1123:1:0,Bahçesi,AMBIENCE#GENERAL,positive,0,7
1124:0,1124:0:0,Manzara,AMBIENCE#GENERAL,positive,0,7
1124:0,1124:0:1,servis,SERVICE#GENERAL,negative,14,20
1125:0,1125:0:0,manzaralı,AMBIENCE#GENERAL,negative,37,46
1125:0,1125:0:1,cafe,RESTAURANT#GENERAL,positive,67,71
1125:1,1125:1:0,E5 üstünde,LOCATION#GENERAL,positive,0,10
1125:2,1125:2:0,Bahçesi,AMBIENCE#GENERAL,positive,0,7
1125:2,1125:2:1,yemekte,FOOD#QUALITY,neutral,16,23
1125:3,1125:3:0,beklesekte,SERVICE#GENERAL,negative,36,46
1125:3,1125:3:1,cafe,RESTAURANT#GENERAL,neutral,69,73
1126:1,1126:1:0,kapali kasarlisi,FOOD#QUALITY,positive,106,122
1127:0,1127:0:0,Pizzalarini,FOOD#QUALITY,neutral,0,11
1127:1,1127:1:0,pizzalari,FOOD#STYLE_OPTIONS,negative,60,69
1127:2,1127:2:0,pizzalari,FOOD#QUALITY,positive,23,32
1127:4,1127:4:0,urunleri,FOOD#QUALITY,neutral,31,39
1127:4,1127:4:1,Eti,FOOD#QUALITY,negative,0,3
1127:5,1127:5:0,manzaraya,AMBIENCE#GENERAL,positive,14,23
1127:6,1127:6:0,sarap,DRINKS#QUALITY,positive,7,12
1127:6,1127:6:1,manzara,AMBIENCE#GENERAL,positive,14,21
1127:6,1127:6:2,Pizza,FOOD#QUALITY,positive,0,5
1128:0,1128:0:0,bahçesini,AMBIENCE#GENERAL,positive,10,19
1128:1,1128:1:0,açık alan,AMBIENCE#GENERAL,positive,0,9
1128:3,1128:3:0,içecekler,DRINKS#QUALITY,positive,0,9
1128:3,1128:3:1,fastfood tarzı atıştırmalık,FOOD#QUALITY,negative,21,48
1128:4,1128:4:0,Yemekler,FOOD#QUALITY,neutral,0,8
1128:4,1128:4:1,porsiyonlar,FOOD#STYLE_OPTIONS,negative,26,37
1128:6,1128:6:0,Fiyat,RESTAURANT#PRICES,negative,0,5
1129:0,1129:0:0,lezzet,FOOD#QUALITY,negative,106,112
1129:1,1129:1:0,ic alani,AMBIENCE#GENERAL,positive,63,71
1129:1,1129:1:1,dis alani bahcesiyle,AMBIENCE#GENERAL,positive,36,56
1129:1,1129:1:2,mekan,AMBIENCE#GENERAL,positive,114,119
1130:1,1130:1:0,mekanı,RESTAURANT#GENERAL,positive,42,48
1131:0,1131:0:0,bira,DRINKS#STYLE_OPTIONS,positive,11,15
1131:1,1131:1:0,çalışanları,SERVICE#GENERAL,negative,5,16
1131:2,1131:2:0,çalışanlarının,SERVICE#GENERAL,negative,7,21
1131:3,1131:3:0,çalışan profili,SERVICE#GENERAL,negative,20,35
1131:4,1131:4:0,yemekler,FOOD#QUALITY,neutral,18,26
1131:4,1131:4:1,Hizmeti,SERVICE#GENERAL,neutral,0,7
1131:5,1131:5:0,müzik,AMBIENCE#GENERAL,positive,34,39
1131:5,1131:5:1,bira,DRINKS#STYLE_OPTIONS,positive,18,22
1132:0,1132:0:0,Yemekler,FOOD#QUALITY,negative,0,8
1132:1,1132:1:0,NULL,SERVICE#GENERAL,negative,0,0
1132:2,1132:2:0,müzikten,AMBIENCE#GENERAL,negative,7,15
1132:3,1132:3:0,servis elemanları,SERVICE#GENERAL,negative,0,17
1132:4,1132:4:0,fiyatlar,RESTAURANT#PRICES,positive,7,15
1132:5,1132:5:0,menü,FOOD#STYLE_OPTIONS,negative,0,4
1133:0,1133:0:0,ulasim,LOCATION#GENERAL,positive,130,136
1133:0,1133:0:1,haftasonu hahvalti,FOOD#STYLE_OPTIONS,positive,54,72
1133:0,1133:0:2,dtox corbasi,FOOD#QUALITY,positive,38,50
1133:0,1133:0:3,Cizbiz koftesi,FOOD#QUALITY,positive,0,14
1133:0,1133:0:4,manzarasi,AMBIENCE#GENERAL,positive,118,127
1133:0,1133:0:5,sutis moccachinosu,DRINKS#QUALITY,positive,17,35
1134:0,1134:0:0,kaliteyi,RESTAURANT#GENERAL,negative,35,43
1134:2,1134:2:0,cheescake,FOOD#QUALITY,neutral,36,45
1134:2,1134:2:1,aşkı memnu,FOOD#QUALITY,neutral,10,20
1134:3,1134:3:0,malzeme,FOOD#QUALITY,negative,31,38
1134:4,1134:4:0,tatlılarına,FOOD#QUALITY,negative,33,44
1134:5,1134:5:0,işletmenin,RESTAURANT#GENERAL,negative,45,55
1134:6,1134:6:0,manzaraya,AMBIENCE#GENERAL,positive,36,45
1134:6,1134:6:1,yemekleri,FOOD#QUALITY,negative,56,65
1135:0,1135:0:0,anzarasi,AMBIENCE#GENERAL,positive,0,8
1135:1,1135:1:0,manzarasina,AMBIENCE#GENERAL,positive,44,55
1135:2,1135:2:0,yemek,FOOD#QUALITY,negative,17,22
1135:3,1135:3:0,Pastalari,FOOD#QUALITY,negative,0,9
1135:4,1135:4:0,yer kapmak,SERVICE#GENERAL,negative,46,56
1136:0,1136:0:0,Servis,SERVICE#GENERAL,negative,0,6
1136:1,1136:1:0,"Çatal, bıçak",SERVICE#GENERAL,negative,0,12
1136:1,1136:1:1,cevizli baklavası,FOOD#QUALITY,negative,20,37
1136:2,1136:2:0,baklava,FOOD#QUALITY,negative,7,14
1136:3,1136:3:0,Fıstıklı tatlılar,FOOD#QUALITY,neutral,0,17
1137:0,1137:0:0,cafe,RESTAURANT#GENERAL,positive,29,33
1137:2,1137:2:0,caylardan,DRINKS#QUALITY,positive,20,29
1137:3,1137:3:0,NULL,RESTAURANT#GENERAL,positive,0,0
1137:3,1137:3:1,Fiyatlar,RESTAURANT#PRICES,negative,0,8
1137:4,1137:4:0,Dekorasyonu,AMBIENCE#GENERAL,positive,0,11
1137:5,1137:5:0,koltuklari,AMBIENCE#GENERAL,positive,10,20
1137:6,1137:6:0,cay,DRINKS#QUALITY,positive,26,29
1137:6,1137:6:1,NULL,AMBIENCE#GENERAL,positive,0,0
1137:8,1137:8:0,Buzlu cay,DRINKS#QUALITY,positive,0,9
1137:9,1137:9:0,Seker orani,DRINKS#QUALITY,positive,0,11
1137:10,1137:10:0,Cin cayi,DRINKS#QUALITY,positive,0,8
1137:11,1137:11:0,Kavun aromasinin,DRINKS#QUALITY,positive,0,16
1138:0,1138:0:0,Uzunlar Kebap,RESTAURANT#GENERAL,positive,57,70
1138:0,1138:0:1,Fiyat,RESTAURANT#PRICES,positive,0,5
1138:1,1138:1:0,NULL,RESTAURANT#GENERAL,positive,0,0
1138:2,1138:2:0,gidilebilir,RESTAURANT#GENERAL,positive,28,39
1139:0,1139:0:0,yer,RESTAURANT#GENERAL,negative,11,14
1139:0,1139:0:1,sıra,SERVICE#GENERAL,negative,55,59
1139:1,1139:1:0,NULL,RESTAURANT#GENERAL,negative,0,0
1139:2,1139:2:0,NULL,RESTAURANT#GENERAL,negative,0,0
1140:1,1140:1:0,hersey,FOOD#QUALITY,positive,24,30
1140:2,1140:2:0,acik bufe sabah kahvaltisi,FOOD#QUALITY,positive,10,36
1141:0,1141:0:0,konumu,AMBIENCE#GENERAL,positive,49,55
1141:0,1141:0:1,servis,SERVICE#GENERAL,positive,34,40
1141:0,1141:0:2,kahvalti,FOOD#QUALITY,neutral,13,21
1141:0,1141:0:3,ortam,AMBIENCE#GENERAL,positive,28,33
1141:1,1141:1:0,servis elemani,SERVICE#GENERAL,positive,10,24
1141:1,1141:1:1,ilgilenmesi,SERVICE#GENERAL,positive,101,112
1141:2,1141:2:0,cafelerden,RESTAURANT#GENERAL,positive,30,40
1142:0,1142:0:0,Geniş bahçesi ve terası,AMBIENCE#GENERAL,positive,0,23
1142:0,1142:0:1,mekan,AMBIENCE#GENERAL,positive,123,128
1143:0,1143:0:0,Ulasim,LOCATION#GENERAL,positive,0,6
1143:1,1143:1:0,Otoparki,LOCATION#GENERAL,neutral,0,8
1143:2,1143:2:0,Cevre duzenlemesi,AMBIENCE#GENERAL,positive,0,17
1143:3,1143:3:0,"Etler , meze, salata",FOOD#QUALITY,positive,0,20
1143:3,1143:3:1,patates kizartmasi,FOOD#QUALITY,positive,24,42
1143:4,1143:4:0,NULL,FOOD#QUALITY,positive,0,0
1144:0,1144:0:0,NULL,RESTAURANT#GENERAL,neutral,0,0
1144:2,1144:2:0,NULL,RESTAURANT#GENERAL,negative,0,0
1144:3,1144:3:0,NULL,RESTAURANT#GENERAL,negative,0,0
1145:0,1145:0:0,NULL,FOOD#QUALITY,neutral,0,0
1145:1,1145:1:0,yer,AMBIENCE#GENERAL,positive,38,41
1145:1,1145:1:1,kebap,FOOD#QUALITY,neutral,17,22
1145:2,1145:2:0,NULL,RESTAURANT#GENERAL,neutral,0,0
1146:0,1146:0:0,Ozel gun yemeklerinizi,RESTAURANT#GENERAL,positive,0,22
1146:1,1146:1:0,ev yapimi sufleyi,FOOD#QUALITY,positive,22,39
1146:1,1146:1:1,Kulbasti,FOOD#QUALITY,positive,0,8
1146:2,1146:2:0,jest,SERVICE#GENERAL,positive,97,101
1146:2,1146:2:1,sampanya ikramlari,DRINKS#STYLE_OPTIONS,positive,58,76
1147:0,1147:0:0,Yemek servisi,SERVICE#GENERAL,positive,0,13
1147:0,1147:0:1,lezzeti,FOOD#QUALITY,positive,17,24
1147:1,1147:1:0,Servis Süreleri,SERVICE#GENERAL,negative,0,15
1147:1,1147:1:1,fiyatlar,RESTAURANT#PRICES,negative,86,94
1147:2,1147:2:0,menu fiyatları,RESTAURANT#PRICES,negative,14,28
1148:0,1148:0:0,Çikolatalı baklavasına,FOOD#QUALITY,positive,0,22
1148:1,1148:1:0,tatlılarının kalitesi ve lezzeti,FOOD#QUALITY,positive,12,44
1148:2,1148:2:0,Güllüoğlu,RESTAURANT#GENERAL,positive,0,9
1149:0,1149:0:0,etin,FOOD#QUALITY,positive,7,11
1149:1,1149:1:0,Etleri,FOOD#QUALITY,positive,3,9
1149:2,1149:2:0,Nusret'inki,FOOD#QUALITY,positive,51,62
1149:3,1149:3:0,yemek,FOOD#QUALITY,positive,9,14
1150:0,1150:0:0,börek ve tavuk parçaları,FOOD#QUALITY,positive,32,56
1150:0,1150:0:1,Jumbo combo ve kola,FOOD#QUALITY,neutral,0,19
1150:1,1150:1:0,Sosları,FOOD#QUALITY,negative,0,7
1150:1,1150:1:1,soğan halkalarının tadı,FOOD#QUALITY,positive,20,43
1150:2,1150:2:0,Nachos,FOOD#QUALITY,positive,0,6
1150:3,1150:3:0,NULL,AMBIENCE#GENERAL,positive,0,0
1150:4,1150:4:0,wifi,SERVICE#GENERAL,negative,34,38
1150:5,1150:5:0,Servis,SERVICE#GENERAL,positive,0,6
1150:5,1150:5:1,çalışanları,SERVICE#GENERAL,positive,16,27
1150:6,1150:6:0,hard rock,AMBIENCE#GENERAL,negative,28,37
1150:6,1150:6:1,cafe,RESTAURANT#GENERAL,positive,10,14
1151:0,1151:0:0,yer,RESTAURANT#GENERAL,negative,36,39
1151:1,1151:1:0,yer,RESTAURANT#GENERAL,negative,102,105
1151:1,1151:1:1,yer,RESTAURANT#PRICES,negative,102,105
1152:0,1152:0:0,manzara,AMBIENCE#GENERAL,negative,174,181
1152:0,1152:0:1,kebaplar,FOOD#QUALITY,negative,100,108
1152:0,1152:0:2,lezzette,FOOD#QUALITY,negative,298,306
1152:0,1152:0:3,NULL,RESTAURANT#GENERAL,negative,0,0
1152:0,1152:0:4,garsonlar,SERVICE#GENERAL,negative,76,85
1152:0,1152:0:5,göztepe subesi,SERVICE#GENERAL,positive,362,376
1153:0,1153:0:0,yer,AMBIENCE#GENERAL,positive,135,138
1153:1,1153:1:0,Bahçesindeki kedilerinin,AMBIENCE#GENERAL,positive,0,24
1153:2,1153:2:0,fiyat,FOOD#PRICES,negative,61,66
1153:2,1153:2:1,siparisin,SERVICE#GENERAL,negative,10,19
1154:0,1154:0:0,NULL,RESTAURANT#GENERAL,negative,0,0
1154:0,1154:0:1,malzemeyi,FOOD#STYLE_OPTIONS,negative,41,50
1154:1,1154:1:0,fıstığı,FOOD#STYLE_OPTIONS,negative,10,17
1154:2,1154:2:0,baklavaların,FOOD#QUALITY,negative,13,25
1154:3,1154:3:0,Su böreği,FOOD#QUALITY,negative,0,9
1154:4,1154:4:0,NULL,AMBIENCE#GENERAL,negative,0,0
1155:0,1155:0:0,tatlar,FOOD#QUALITY,neutral,20,26
1155:0,1155:0:1,mekan,AMBIENCE#GENERAL,neutral,7,12
1155:1,1155:1:0,NULL,RESTAURANT#GENERAL,negative,0,0
1155:2,1155:2:0,meze,FOOD#QUALITY,negative,45,49
1155:3,1155:3:0,lezzetler,FOOD#QUALITY,neutral,8,17
1155:4,1155:4:0,Burda,RESTAURANT#GENERAL,neutral,0,5
1156:0,1156:0:0,mekanlardan,RESTAURANT#GENERAL,positive,47,58
1156:1,1156:1:0,Bahçesi,AMBIENCE#GENERAL,positive,0,7
1156:2,1156:2:0,host ediyorlar,SERVICE#GENERAL,positive,24,38
1156:3,1156:3:0,Canyon Road,FOOD#QUALITY,positive,0,11
1156:3,1156:3:1,Big Burger,FOOD#QUALITY,positive,15,25
1157:3,1157:3:0,NULL,AMBIENCE#GENERAL,negative,0,0
1158:0,1158:0:0,mekan,AMBIENCE#GENERAL,positive,155,160
1158:0,1158:0:1,Konum,LOCATION#GENERAL,positive,21,26
1158:1,1158:1:0,yemekler,FOOD#QUALITY,positive,24,32
1158:1,1158:1:1,sunum,SERVICE#GENERAL,positive,44,49
1159:0,1159:0:0,manzara,AMBIENCE#GENERAL,positive,6,13
1159:0,1159:0:1,Otagtepe'nin manzarasi,AMBIENCE#GENERAL,positive,31,53
1159:0,1159:0:2,yemek,FOOD#QUALITY,negative,123,128
1159:0,1159:0:3,menü,FOOD#STYLE_OPTIONS,negative,24,28
1159:1,1159:1:0,Hizmet kalitesi,SERVICE#GENERAL,negative,0,15
1160:0,1160:0:0,Deniz mahsullü pizzası,FOOD#QUALITY,negative,0,22
1160:1,1160:1:0,"hamburger, wrap, sandviç",AMBIENCE#GENERAL,neutral,15,39
1160:2,1160:2:0,rezervasyon,SERVICE#GENERAL,negative,7,18
1161:1,1161:1:0,Fırında makarnasını,FOOD#QUALITY,negative,0,19
1162:0,1162:0:0,maç ücreti,RESTAURANT#PRICES,negative,54,64
1162:1,1162:1:0,NULL,RESTAURANT#GENERAL,negative,0,0
1163:0,1163:0:0,mekanim,RESTAURANT#GENERAL,positive,23,30
1163:0,1163:0:1,yesil mercimek corbasi,FOOD#QUALITY,positive,115,137
1163:0,1163:0:2,kestanesi suflesi,FOOD#QUALITY,positive,139,156
1163:0,1163:0:3,balli tavuk salata,FOOD#QUALITY,positive,94,112
1163:0,1163:0:4,fresh meyve sulari,DRINKS#QUALITY,positive,181,199
1163:0,1163:0:5,bogazin gobeginde,AMBIENCE#GENERAL,positive,215,232
1163:0,1163:0:6,isletmecisini,SERVICE#GENERAL,positive,64,77
1164:0,1164:0:0,fiyata,RESTAURANT#PRICES,positive,58,64
1164:0,1164:0:1,bulunan,LOCATION#GENERAL,neutral,27,34
1164:0,1164:0:2,manzarasına,AMBIENCE#GENERAL,positive,35,46
1164:1,1164:1:0,semaver çayını,DRINKS#QUALITY,positive,34,48
1165:0,1165:0:0,bahçesi,AMBIENCE#GENERAL,positive,16,23
1165:1,1165:1:0,yemekleri,FOOD#QUALITY,positive,0,9
1165:1,1165:1:1,çalışanlar,SERVICE#GENERAL,positive,36,46
1165:1,1165:1:2,servis,SERVICE#GENERAL,positive,20,26
1165:2,1165:2:0,iç dekorasyonu,AMBIENCE#GENERAL,positive,0,14
1165:3,1165:3:0,müzikler,AMBIENCE#GENERAL,positive,0,8
1166:0,1166:0:0,brunch,FOOD#STYLE_OPTIONS,negative,29,35
1166:1,1166:1:0,Kahvaltısını,FOOD#STYLE_OPTIONS,positive,0,12
1166:2,1166:2:0,yer,RESTAURANT#GENERAL,positive,41,44
1166:3,1166:3:0,Manzarasına,AMBIENCE#GENERAL,positive,0,11
1166:4,1166:4:0,fiyatları,RESTAURANT#PRICES,negative,24,33
1166:5,1166:5:0,yemekler,FOOD#QUALITY,positive,18,26
1166:5,1166:5:1,Garsonlar,SERVICE#GENERAL,positive,0,9
1167:0,1167:0:0,balıkçısı,RESTAURANT#GENERAL,positive,16,25
1167:1,1167:1:0,kalitesi,RESTAURANT#GENERAL,negative,15,23
1167:2,1167:2:0,yerdi,RESTAURANT#GENERAL,negative,89,94
1167:3,1167:3:0,serviste,SERVICE#GENERAL,negative,37,45
1167:3,1167:3:1,kalitesinde,RESTAURANT#GENERAL,negative,22,33
1168:0,1168:0:0,Tatlilari,FOOD#QUALITY,positive,0,9
1168:1,1168:1:0,Manzarasi,AMBIENCE#GENERAL,positive,0,9
1169:0,1169:0:0,alternatif,RESTAURANT#GENERAL,positive,40,50
1169:2,1169:2:0,Ev yemeklerini,FOOD#PRICES,negative,0,14
1170:0,1170:0:0,yer,AMBIENCE#GENERAL,positive,33,36
1170:1,1170:1:0,Yemekleri,FOOD#QUALITY,positive,0,9
1170:2,1170:2:0,Görselliğe,AMBIENCE#GENERAL,negative,0,10
1170:3,1170:3:0,hizmet,SERVICE#GENERAL,positive,4,10
1171:0,1171:0:0,kofte,FOOD#QUALITY,positive,37,42
1171:1,1171:1:0,hamburgerde,FOOD#QUALITY,positive,0,11
1171:2,1171:2:0,roka salatası,FOOD#QUALITY,positive,0,13
1171:2,1171:2:1,Güveçte mantarda,FOOD#QUALITY,positive,14,30
1171:3,1171:3:0,NULL,RESTAURANT#GENERAL,positive,0,0
1172:0,1172:0:0,mekanlardan,RESTAURANT#GENERAL,positive,38,49
1172:1,1172:1:0,Dizaynı,AMBIENCE#GENERAL,positive,0,7
1172:2,1172:2:0,NULL,AMBIENCE#GENERAL,positive,0,0
1172:3,1172:3:0,mekan,RESTAURANT#GENERAL,positive,74,79
1172:4,1172:4:0,Yemek menüsü,FOOD#STYLE_OPTIONS,negative,0,12
1172:5,1172:5:0,Fiyatlar,RESTAURANT#PRICES,positive,0,8
1173:0,1173:0:0,Quattro Stagioni ve Orto'yu,FOOD#QUALITY,negative,0,27
1173:1,1173:1:0,Pizzalarından,FOOD#QUALITY,negative,0,13
1173:1,1173:1:1,tiramusu,FOOD#QUALITY,positive,21,29
1173:2,1173:2:0,maketi,AMBIENCE#GENERAL,positive,33,39
1174:0,1174:0:0,etler,AMBIENCE#GENERAL,negative,89,94
1174:0,1174:0:1,adana kebabi,FOOD#QUALITY,neutral,118,130
1174:0,1174:0:2,mezeler,FOOD#QUALITY,negative,63,70
1174:0,1174:0:3,servis,SERVICE#GENERAL,negative,17,23
1175:0,1175:0:0,NULL,RESTAURANT#GENERAL,neutral,0,0
1175:1,1175:1:0,Ambiansi,AMBIENCE#GENERAL,positive,2,10
1175:2,1175:2:0,fajita,FOOD#QUALITY,negative,52,58
1175:2,1175:2:1,Yemekleri,FOOD#QUALITY,negative,0,9
1175:2,1175:2:2,burgerler,FOOD#QUALITY,negative,31,40
1175:3,1175:3:0,servis,SERVICE#GENERAL,negative,37,43
1176:0,1176:0:0,yemek,FOOD#QUALITY,positive,11,16
1176:1,1176:1:0,NULL,RESTAURANT#GENERAL,positive,0,0
1176:2,1176:2:0,Servis,SERVICE#GENERAL,positive,0,6
1176:2,1176:2:1,mekan dekorasyonu,AMBIENCE#GENERAL,positive,21,38
1177:0,1177:0:0,servis,SERVICE#GENERAL,negative,21,27
1177:0,1177:0:1,Manzara,AMBIENCE#GENERAL,positive,0,7
1177:1,1177:1:0,Peynirli omlet ve menemen,FOOD#QUALITY,positive,0,25
1177:1,1177:1:1,patates kizartmasi,FOOD#QUALITY,negative,42,60
1177:2,1177:2:0,kahveler,DRINKS#QUALITY,negative,6,14
1178:0,1178:0:0,NULL,RESTAURANT#GENERAL,negative,0,0
1178:1,1178:1:0,patates kizartmasi,FOOD#QUALITY,negative,10,28
1178:1,1178:1:1,patatesler,FOOD#STYLE_OPTIONS,negative,122,132
1178:2,1178:2:0,Domates/salatalik sögüs,FOOD#QUALITY,negative,0,23
1178:3,1178:3:0,Etrafta,AMBIENCE#GENERAL,negative,0,7
1178:4,1178:4:0,döner,FOOD#QUALITY,neutral,21,26
1178:4,1178:4:1,NULL,RESTAURANT#GENERAL,negative,0,0
1179:0,1179:0:0,müzik,AMBIENCE#GENERAL,positive,251,256
1179:0,1179:0:1,mezeyi,FOOD#QUALITY,positive,37,43
1179:0,1179:0:2,yemekler,FOOD#QUALITY,positive,239,247
1179:0,1179:0:3,mekan,RESTAURANT#GENERAL,positive,19,24
1179:0,1179:0:4,fiyatlar,RESTAURANT#PRICES,negative,70,78
1179:0,1179:0:5,ortam,AMBIENCE#GENERAL,positive,233,238
1180:0,1180:0:0,NULL,FOOD#QUALITY,neutral,0,0
1180:0,1180:0:1,nadir güllüoglunun yeri,LOCATION#GENERAL,positive,0,23
1180:0,1180:0:2,lezzet,FOOD#QUALITY,positive,46,52
1180:0,1180:0:3,fistikli baklava,FOOD#QUALITY,positive,148,164
1181:1,1181:1:0,Mekanın içine,AMBIENCE#GENERAL,positive,0,13
1181:2,1181:2:0,yenilen her şey,FOOD#QUALITY,positive,42,57
1181:2,1181:2:1,servis,SERVICE#GENERAL,positive,29,35
1181:3,1181:3:0,Pastırmalı yumurta,FOOD#QUALITY,positive,0,18
1182:0,1182:0:0,kapalı alanında,AMBIENCE#GENERAL,negative,91,106
1182:0,1182:0:1,hesap,RESTAURANT#PRICES,negative,39,44
1182:1,1182:1:0,fix menü,AMBIENCE#GENERAL,negative,94,102
1182:1,1182:1:1,Mezeler,FOOD#QUALITY,positive,0,7
1182:1,1182:1:2,Mezeler,FOOD#STYLE_OPTIONS,positive,0,7
1182:1,1182:1:3,metrelik kebabı,FOOD#QUALITY,positive,33,48
1182:2,1182:2:0,istediğini,FOOD#STYLE_OPTIONS,negative,12,22
1183:0,1183:0:0,mantısı ficcini zeytinyağlı mezgiti,FOOD#QUALITY,positive,0,35
1183:1,1183:1:0,NULL,SERVICE#GENERAL,negative,0,0
1183:2,1183:2:0,garsonu,SERVICE#GENERAL,negative,18,25
1183:2,1183:2:1,yerdi,RESTAURANT#GENERAL,positive,44,49
1184:0,1184:0:0,kebap,FOOD#QUALITY,positive,19,24
1184:0,1184:0:1,yerlerden,AMBIENCE#GENERAL,positive,56,65
1184:1,1184:1:0,ara sicaklari,FOOD#QUALITY,positive,23,36
1184:1,1184:1:1,Yemekleri,FOOD#QUALITY,positive,0,9
1184:2,1184:2:0,Servis,SERVICE#GENERAL,positive,0,6
1184:3,1184:3:0,Calisanlar,SERVICE#GENERAL,positive,0,10
1185:0,1185:0:0,Cerkez yemekleri,FOOD#QUALITY,positive,0,16
1185:1,1185:1:0,mantisini,FOOD#QUALITY,positive,10,19
1185:1,1185:1:1,mezeleri,FOOD#QUALITY,positive,37,45
1185:2,1185:2:0,calisanlarin muamelesinden,SERVICE#GENERAL,negative,22,48
1186:0,1186:0:0,Mekan dekorasyonu,AMBIENCE#GENERAL,positive,0,17
1186:1,1186:1:0,Mezeler,FOOD#QUALITY,positive,0,7
1186:1,1186:1:1,Mezeler,FOOD#STYLE_OPTIONS,positive,0,7
1186:2,1186:2:0,balıklara,FOOD#QUALITY,negative,6,15
1186:3,1186:3:0,çiftlik balığı,FOOD#QUALITY,negative,9,23
1186:4,1186:4:0,ana yemek,FOOD#QUALITY,negative,18,27
1186:5,1186:5:0,Fiyatlar,RESTAURANT#PRICES,neutral,0,8
1187:0,1187:0:0,Etler,FOOD#QUALITY,positive,0,5
1188:0,1188:0:0,Penne siciliano,FOOD#QUALITY,positive,0,15
1188:0,1188:0:1,yagindan,FOOD#QUALITY,negative,47,55
1188:1,1188:1:0,begendili tavuk,FOOD#QUALITY,negative,10,25
1188:2,1188:2:0,yemekler,FOOD#QUALITY,negative,22,30
1188:2,1188:2:1,"Servis, ilgi",SERVICE#GENERAL,positive,0,12
1189:0,1189:0:0,sahanda yumurta,FOOD#QUALITY,positive,15,30
1189:1,1189:1:0,Yumurtanın,FOOD#QUALITY,positive,0,10
1189:3,1189:3:0,ayranı,DRINKS#QUALITY,positive,52,58
1189:3,1189:3:1,Kavurmalı,FOOD#QUALITY,positive,0,9
1190:0,1190:0:0,Yemekleri,FOOD#QUALITY,neutral,0,9
1190:0,1190:0:1,kapida bekleyen kisi,SERVICE#GENERAL,negative,36,56
1190:1,1190:1:0,garson,SERVICE#GENERAL,negative,11,17
1191:0,1191:0:0,NULL,RESTAURANT#GENERAL,negative,0,0
1191:4,1191:4:0,fiyatlar,RESTAURANT#PRICES,negative,0,8
1191:5,1191:5:0,lezzete,FOOD#QUALITY,negative,6,13
1192:0,1192:0:0,lezzet,FOOD#QUALITY,positive,22,28
1192:0,1192:0:1,Konum,LOCATION#GENERAL,positive,0,5
1192:0,1192:0:2,servis,SERVICE#GENERAL,negative,56,62
1192:1,1192:1:0,NULL,RESTAURANT#GENERAL,negative,0,0
1193:0,1193:0:0,ev cafe,AMBIENCE#GENERAL,positive,29,36
1193:1,1193:1:0,Serpme kahvaltıların,FOOD#QUALITY,positive,0,20
1194:0,1194:0:0,paketlenmişti,SERVICE#GENERAL,positive,39,52
1194:1,1194:1:0,Malzemeden,FOOD#STYLE_OPTIONS,positive,0,10
1194:1,1194:1:1,etinin lezzeti,FOOD#QUALITY,positive,26,40
1195:0,1195:0:0,garson,SERVICE#GENERAL,negative,46,52
1195:1,1195:1:0,muamele,SERVICE#GENERAL,negative,21,28
1196:0,1196:0:0,çay veya kahve,DRINKS#QUALITY,positive,15,29
1196:0,1196:0:1,yer,AMBIENCE#GENERAL,positive,58,61
1196:1,1196:1:0,bogazin,AMBIENCE#GENERAL,positive,4,11
1196:1,1196:1:1,canli müzik,AMBIENCE#GENERAL,positive,109,120
1197:0,1197:0:0,Fiyatlari,RESTAURANT#PRICES,negative,0,9
1197:0,1197:0:1,mekan,RESTAURANT#GENERAL,positive,53,58
1197:1,1197:1:0,damla sakizi,FOOD#QUALITY,positive,35,47
1197:2,1197:2:0,Baslangiclarinin,FOOD#QUALITY,positive,0,16
1197:3,1197:3:0,sufleyi,FOOD#QUALITY,positive,13,20
1197:4,1197:4:0,NULL,RESTAURANT#GENERAL,positive,0,0
1197:5,1197:5:0,et,FOOD#STYLE_OPTIONS,negative,17,19
1198:0,1198:0:0,yemekleri,FOOD#QUALITY,positive,55,64
1198:1,1198:1:0,fiyatları,RESTAURANT#PRICES,negative,24,33
1198:1,1198:1:1,kredi kartı,SERVICE#GENERAL,negative,44,55
1198:2,1198:2:0,yemekleri,FOOD#QUALITY,positive,6,15
1198:3,1198:3:0,fırında sutlaci,FOOD#QUALITY,positive,32,47
1198:3,1198:3:1,irmik helvası,FOOD#QUALITY,positive,15,28
1199:0,1199:0:0,pizzacım,RESTAURANT#GENERAL,positive,31,39
1199:1,1199:1:0,pizzayı,FOOD#STYLE_OPTIONS,positive,19,26
1199:3,1199:3:0,pizzanın iki yarısını,FOOD#STYLE_OPTIONS,positive,31,52
1200:0,1200:0:0,Servis,SERVICE#GENERAL,negative,0,6
1200:0,1200:0:1,porsiyonlar,FOOD#STYLE_OPTIONS,negative,7,18
1200:1,1200:1:0,bahçesinin,AMBIENCE#GENERAL,positive,96,106
1201:0,1201:0:0,Turk kahvesının,DRINKS#QUALITY,negative,0,15
1201:1,1201:1:0,Kahveyı,DRINKS#QUALITY,negative,0,7
1201:2,1201:2:0,Yemekleri,FOOD#QUALITY,negative,0,9
1201:3,1201:3:0,NULL,RESTAURANT#GENERAL,negative,0,0
1202:0,1202:0:0,burayı,RESTAURANT#GENERAL,positive,24,30
1202:1,1202:1:0,Lynchburgleri,DRINKS#QUALITY,positive,0,13
1202:2,1202:2:0,Cin li kokteylleri,DRINKS#QUALITY,positive,0,18
1202:2,1202:2:1,jager mojito,DRINKS#QUALITY,negative,52,64
1202:3,1202:3:0,NULL,RESTAURANT#GENERAL,negative,0,0
1203:0,1203:0:0,80/90 tl hesap,RESTAURANT#PRICES,negative,46,60
1203:1,1203:1:0,personel,SERVICE#GENERAL,positive,54,62
1203:1,1203:1:1,Porsiyonlar,FOOD#STYLE_OPTIONS,negative,39,50
1203:1,1203:1:2,fiyatla,FOOD#PRICES,negative,15,22
1203:1,1203:1:3,Lezzet,FOOD#QUALITY,positive,0,6
1204:0,1204:0:0,Manzara,AMBIENCE#GENERAL,positive,0,7
1204:1,1204:1:0,mekan,AMBIENCE#GENERAL,negative,48,53
1204:2,1204:2:0,ortam,AMBIENCE#GENERAL,negative,45,50
1204:3,1204:3:0,yer,AMBIENCE#GENERAL,negative,21,24
1204:4,1204:4:0,ortamdan,AMBIENCE#GENERAL,negative,10,18
1204:5,1204:5:0,İthal peynir tabağındaki peynirler,FOOD#QUALITY,negative,0,34
1204:6,1204:6:0,fiyat,RESTAURANT#PRICES,negative,23,28
1205:0,1205:0:0,ortam,AMBIENCE#GENERAL,positive,5,10
1205:1,1205:1:0,Bahçesinde,AMBIENCE#GENERAL,positive,0,10
1205:2,1205:2:0,Kuzu sisleri ve lahmacunlari,FOOD#QUALITY,positive,0,28
1205:3,1205:3:0,Serviste,SERVICE#GENERAL,negative,0,8
1205:4,1205:4:0,garsonlar,SERVICE#GENERAL,negative,0,9
1206:0,1206:0:0,masalar,AMBIENCE#GENERAL,negative,142,149
1206:0,1206:0:1,calisanlar,SERVICE#GENERAL,positive,97,107
1206:0,1206:0:2,Kahvaltisi,FOOD#STYLE_OPTIONS,positive,0,10
1206:0,1206:0:3,fiyati,FOOD#PRICES,negative,62,68
1207:0,1207:0:0,konumu,LOCATION#GENERAL,positive,8,14
1207:0,1207:0:1,menüsü,FOOD#STYLE_OPTIONS,positive,24,30
1207:2,1207:2:0,pahalanmış,RESTAURANT#PRICES,negative,28,38
1207:3,1207:3:0,cajun tavuk,FOOD#QUALITY,positive,99,110
1207:3,1207:3:1,Yemeklerde,FOOD#QUALITY,neutral,0,10
1207:4,1207:4:0,mekan,RESTAURANT#GENERAL,neutral,38,43
1208:0,1208:0:0,Tuzla balıkçısının,RESTAURANT#GENERAL,positive,0,18
1208:1,1208:1:0,NULL,RESTAURANT#GENERAL,positive,0,0
1208:2,1208:2:0,dükkandan,AMBIENCE#GENERAL,positive,73,82
1208:2,1208:2:1,Fiyatları,RESTAURANT#PRICES,positive,0,9
1208:3,1208:3:0,lezzet,FOOD#QUALITY,negative,18,24
1208:5,1208:5:0,kalite,RESTAURANT#GENERAL,negative,29,35
1208:6,1208:6:0,lezzetine,FOOD#QUALITY,negative,22,31
1209:0,1209:0:0,mekan,LOCATION#GENERAL,positive,74,79
1209:1,1209:1:0,hizmetide,SERVICE#GENERAL,positive,13,22
1209:1,1209:1:1,pideleri,FOOD#QUALITY,positive,0,8
1209:1,1209:1:2,üst kat terası,AMBIENCE#GENERAL,positive,29,43
1210:0,1210:0:0,mekan,AMBIENCE#GENERAL,positive,59,64
1210:0,1210:0:1,menu,FOOD#STYLE_OPTIONS,positive,75,79
1210:1,1210:1:0,Fiyatlar,RESTAURANT#PRICES,neutral,0,8
1211:0,1211:0:0,Magnolia,FOOD#QUALITY,positive,34,42
1211:1,1211:1:0,tatliyi,FOOD#QUALITY,positive,18,25
1211:2,1211:2:0,"patlicanli,zeytinli penne",FOOD#QUALITY,positive,14,39
1211:3,1211:3:0,lasagne,FOOD#QUALITY,negative,10,17
1211:4,1211:4:0,Servisin,SERVICE#GENERAL,negative,0,8
1211:4,1211:4:1,siparis almaya gec geliyorlar,SERVICE#GENERAL,negative,30,59
1212:0,1212:0:0,num num,RESTAURANT#GENERAL,negative,11,18
1212:1,1212:1:0,Yemekler,FOOD#QUALITY,negative,0,8
1212:1,1212:1:1,menü,FOOD#STYLE_OPTIONS,positive,20,24
1212:1,1212:1:2,servis,SERVICE#GENERAL,positive,33,39
1213:0,1213:0:0,Kurufasulye ve Sütlaç,FOOD#QUALITY,positive,0,21
1213:2,1213:2:0,Tereyagini,FOOD#QUALITY,positive,0,10
1213:2,1213:2:1,manzarayla,AMBIENCE#GENERAL,positive,14,24
1213:3,1213:3:0,firin sütlaci,FOOD#QUALITY,positive,37,50
1214:0,1214:0:0,NULL,RESTAURANT#GENERAL,positive,0,0
1214:1,1214:1:0,yer,LOCATION#GENERAL,positive,64,67
1214:2,1214:2:0,Künefesi,FOOD#QUALITY,positive,0,8
1214:3,1214:3:0,künefesiyle,FOOD#QUALITY,positive,10,21
1214:4,1214:4:0,sahlepi,DRINKS#QUALITY,positive,6,13
1214:4,1214:4:1,Çayi,DRINKS#QUALITY,positive,0,4
1214:4,1214:4:2,künefesi ve dondurmasi,FOOD#QUALITY,positive,15,37
1214:5,1214:5:0,nane yapragi,DRINKS#STYLE_OPTIONS,negative,42,54
1214:6,1214:6:0,bilgilendirmesi,SERVICE#GENERAL,negative,28,43
1214:8,1214:8:0,mekan,RESTAURANT#GENERAL,positive,40,45
1215:0,1215:0:0,nargilesi,DRINKS#QUALITY,positive,66,75
1215:0,1215:0:1,çikis yolu,LOCATION#GENERAL,negative,33,43
1215:1,1215:1:0,kebaplari,FOOD#QUALITY,positive,5,14
1215:2,1215:2:0,manzara,AMBIENCE#GENERAL,positive,44,51
1215:2,1215:2:1,kahvaltisiyla,FOOD#STYLE_OPTIONS,positive,24,37
1215:3,1215:3:0,yer,RESTAURANT#GENERAL,positive,32,35
1216:0,1216:0:0,lezzetleri,FOOD#QUALITY,positive,17,27
1216:1,1216:1:0,Tatlilar,FOOD#QUALITY,positive,0,8
1216:2,1216:2:0,Hesap,RESTAURANT#PRICES,negative,0,5
1216:3,1216:3:0,342 TL,RESTAURANT#PRICES,negative,0,6
1216:4,1216:4:0,Içki servisi,DRINKS#STYLE_OPTIONS,negative,0,12
1217:0,1217:0:0,pide türleri,FOOD#STYLE_OPTIONS,positive,8,20
1217:2,1217:2:0,NULL,RESTAURANT#GENERAL,neutral,0,0
1217:3,1217:3:0,pide,FOOD#QUALITY,positive,8,12
1217:4,1217:4:0,çorbasi,FOOD#QUALITY,negative,0,7
1217:5,1217:5:0,Tadi,FOOD#QUALITY,negative,0,4
1217:6,1217:6:0,suflesi,FOOD#QUALITY,neutral,0,7
1217:7,1217:7:0,yerde,LOCATION#GENERAL,positive,20,25
1218:1,1218:1:0,yemekleri,FOOD#QUALITY,negative,6,15
1218:2,1218:2:0,dondurması,FOOD#QUALITY,positive,30,40
1219:0,1219:0:0,demlenen,DRINKS#STYLE_OPTIONS,negative,34,42
1219:0,1219:0:1,çay menüsü,DRINKS#STYLE_OPTIONS,positive,6,16
1219:1,1219:1:0,NULL,DRINKS#QUALITY,positive,0,0
1219:1,1219:1:1,demleme süresine,DRINKS#STYLE_OPTIONS,negative,39,55
1219:2,1219:2:0,ücrete,DRINKS#PRICES,negative,26,32
1219:2,1219:2:1,NULL,DRINKS#QUALITY,negative,0,0
1219:3,1219:3:0,Tatlıları,FOOD#QUALITY,positive,0,9
1220:0,1220:0:0,Miss Pizza,FOOD#QUALITY,positive,0,10
1220:1,1220:1:0,diyorlar,SERVICE#GENERAL,negative,53,61
1220:2,1220:2:0,Yemeği,FOOD#QUALITY,neutral,0,6
1220:2,1220:2:1,yer,RESTAURANT#GENERAL,negative,59,62
1220:2,1220:2:2,servisi,SERVICE#GENERAL,negative,19,26
1220:3,1220:3:0,kaliteye,FOOD#QUALITY,positive,8,16
1220:3,1220:3:1,hizmet,SERVICE#GENERAL,negative,27,33
1220:4,1220:4:0,hamuru,FOOD#QUALITY,positive,62,68
1220:4,1220:4:1,malzemeler,FOOD#QUALITY,neutral,11,21
1220:5,1220:5:0,Pizzaları,FOOD#STYLE_OPTIONS,positive,0,9
1220:6,1220:6:0,tatları,FOOD#STYLE_OPTIONS,positive,8,15
1220:7,1220:7:0,kabaklı pizzası,FOOD#QUALITY,positive,10,25
1220:8,1220:8:0,Servis,SERVICE#GENERAL,negative,0,6
1220:9,1220:9:0,NULL,RESTAURANT#GENERAL,negative,0,0
1220:10,1220:10:0,Çalışanlar,SERVICE#GENERAL,negative,0,10
1220:11,1220:11:0,NULL,RESTAURANT#GENERAL,negative,0,0
1221:0,1221:0:0,konum,LOCATION#GENERAL,positive,8,13
1221:0,1221:0:1,Manzara,AMBIENCE#GENERAL,positive,0,7
1221:1,1221:1:0,manzara,AMBIENCE#GENERAL,positive,81,88
1221:1,1221:1:1,lezzet,FOOD#QUALITY,negative,94,100
1221:2,1221:2:0,konum,LOCATION#GENERAL,positive,66,71
1221:2,1221:2:1,ambians,AMBIENCE#GENERAL,positive,55,62
1221:2,1221:2:2,Fiyatlar,RESTAURANT#PRICES,neutral,0,8
1221:3,1221:3:0,romantik akşam yemeği,AMBIENCE#GENERAL,positive,16,37
1222:1,1222:1:0,soslari,SERVICE#GENERAL,negative,25,32
1222:2,1222:2:0,mayonez,FOOD#STYLE_OPTIONS,negative,26,33
1222:3,1222:3:0,Yemege,FOOD#QUALITY,negative,0,6
1222:4,1222:4:0,tavirlarina,SERVICE#GENERAL,negative,26,37
1222:7,1222:7:0,musteriye,SERVICE#GENERAL,negative,17,26
1223:0,1223:0:0,NULL,RESTAURANT#GENERAL,negative,0,0
1223:1,1223:1:0,mekan,RESTAURANT#GENERAL,positive,14,19
1223:2,1223:2:0,garsona,SERVICE#GENERAL,negative,34,41
1223:3,1223:3:0,müessesede,RESTAURANT#GENERAL,neutral,10,20
1223:5,1223:5:0,lavaş,FOOD#QUALITY,positive,26,31
1223:6,1223:6:0,yediriyor,FOOD#QUALITY,negative,6,15
1223:6,1223:6:1,lavaş,FOOD#QUALITY,positive,0,5
1223:7,1223:7:0,Döneri,FOOD#QUALITY,negative,0,6
1224:0,1224:0:0,döneri,FOOD#QUALITY,negative,24,30
1224:0,1224:0:1,her şey,RESTAURANT#GENERAL,positive,48,55
1224:1,1224:1:0,garsonların ilgisi,SERVICE#GENERAL,positive,23,41
1224:1,1224:1:1,ikramlar,SERVICE#GENERAL,positive,13,21
1224:1,1224:1:2,servis hızı,SERVICE#GENERAL,positive,45,56
1224:2,1224:2:0,döneri,FOOD#QUALITY,negative,4,10
1225:0,1225:0:0,NULL,RESTAURANT#GENERAL,negative,0,0
1225:0,1225:0:1,Manzarası,AMBIENCE#GENERAL,positive,0,9
1225:1,1225:1:0,lezzetlerin,FOOD#QUALITY,neutral,6,17
1225:2,1225:2:0,fiyatlarda,FOOD#PRICES,negative,29,39
1225:3,1225:3:0,Manzara parası,FOOD#PRICES,negative,0,14
1226:0,1226:0:0,rahatlık,AMBIENCE#GENERAL,negative,71,79
1226:0,1226:0:1,ev yemeği,FOOD#QUALITY,positive,9,18
1226:1,1226:1:0,NULL,RESTAURANT#GENERAL,neutral,0,0
1227:0,1227:0:0,tatlar,FOOD#STYLE_OPTIONS,positive,83,89
1227:0,1227:0:1,Zeytinyagli yemekleri,FOOD#QUALITY,positive,0,21
1227:1,1227:1:0,13-14tl,FOOD#PRICES,positive,69,76
1227:1,1227:1:1,NULL,FOOD#STYLE_OPTIONS,positive,0,0
1227:2,1227:2:0,ogle yemeklerinde,FOOD#QUALITY,positive,0,17
1227:2,1227:2:1,yer bulmak,SERVICE#GENERAL,negative,91,101
1228:0,1228:0:0,Manzarası,AMBIENCE#GENERAL,positive,0,9
1228:1,1228:1:0,konumda,LOCATION#GENERAL,positive,24,31
1228:2,1228:2:0,Servisi,SERVICE#GENERAL,positive,0,7
1228:3,1228:3:0,NULL,RESTAURANT#GENERAL,positive,0,0
1228:4,1228:4:0,Köfteleri,FOOD#QUALITY,positive,0,9
1229:0,1229:0:0,bahce,AMBIENCE#GENERAL,positive,88,93
1229:1,1229:1:0,NULL,AMBIENCE#GENERAL,positive,0,0
1229:1,1229:1:1,burayi,RESTAURANT#GENERAL,positive,6,12
1229:2,1229:2:0,masalar,AMBIENCE#GENERAL,negative,11,18
1229:3,1229:3:0,Kirmizi limonata,DRINKS#QUALITY,positive,0,16
1229:3,1229:3:1,limon vitamin,DRINKS#QUALITY,positive,20,33
1229:4,1229:4:0,NULL,RESTAURANT#GENERAL,positive,0,0
1230:0,1230:0:0,Manzarasi,AMBIENCE#GENERAL,positive,0,9
1230:1,1230:1:0,Bahcesi,AMBIENCE#GENERAL,positive,0,7
1230:2,1230:2:0,İcerisi,AMBIENCE#GENERAL,negative,0,7
1230:3,1230:3:0,Self servis,SERVICE#GENERAL,negative,0,11
1230:4,1230:4:0,garsonlar,SERVICE#GENERAL,positive,33,42
1230:5,1230:5:0,yer,AMBIENCE#GENERAL,positive,41,44
1231:0,1231:0:0,kokuyor,AMBIENCE#GENERAL,positive,94,101
1231:0,1231:0:1,mekan,AMBIENCE#GENERAL,positive,56,61
1231:1,1231:1:0,NULL,AMBIENCE#GENERAL,negative,0,0
1232:0,1232:0:0,mekan,RESTAURANT#GENERAL,negative,103,108
1232:1,1232:1:0,NULL,FOOD#QUALITY,positive,0,0
1232:1,1232:1:1,lezzeti,FOOD#QUALITY,negative,50,57
1233:0,1233:0:0,konumlu,LOCATION#GENERAL,positive,7,14
1233:1,1233:1:0,tesis,RESTAURANT#GENERAL,neutral,93,98
1233:2,1233:2:0,fiyat,RESTAURANT#PRICES,positive,58,63
1233:3,1233:3:0,NULL,AMBIENCE#GENERAL,positive,0,0
1233:3,1233:3:1,self servis,SERVICE#GENERAL,negative,15,26
1234:0,1234:0:0,pilav da kurufasulye de,FOOD#STYLE_OPTIONS,negative,25,48
1234:0,1234:0:1,yemekler,FOOD#QUALITY,positive,6,14
1234:1,1234:1:0,servis,SERVICE#GENERAL,negative,26,32
1234:2,1234:2:0,NULL,RESTAURANT#GENERAL,negative,0,0
1235:0,1235:0:0,sohbet ortamlari,AMBIENCE#GENERAL,positive,18,34
1235:0,1235:0:1,Lezzet,FOOD#QUALITY,positive,83,89
1235:2,1235:2:0,Pazar kahvaltilari,FOOD#QUALITY,positive,0,18
1236:0,1236:0:0,mezeler,FOOD#QUALITY,negative,36,43
1236:1,1236:1:0,valenin,SERVICE#GENERAL,negative,61,68
1236:1,1236:1:1,hesapta,RESTAURANT#PRICES,negative,19,26
1236:2,1236:2:0,NULL,RESTAURANT#GENERAL,negative,0,0
1237:0,1237:0:0,yemeği,FOOD#QUALITY,negative,65,71
1237:0,1237:0:1,servis,SERVICE#GENERAL,negative,93,99
1237:1,1237:1:0,Menünün,FOOD#STYLE_OPTIONS,negative,0,7
1237:2,1237:2:0,müşteri,RESTAURANT#PRICES,negative,52,59
1237:2,1237:2:1,yerlerden,RESTAURANT#GENERAL,negative,86,95
1237:2,1237:2:2,kafe yemekleriyle,FOOD#STYLE_OPTIONS,negative,34,51
1238:0,1238:0:0,iç dizaynını,AMBIENCE#GENERAL,positive,38,50
1238:0,1238:0:1,kış aylarında,AMBIENCE#GENERAL,negative,75,88
1238:1,1238:1:0,NULL,AMBIENCE#GENERAL,negative,0,0
1238:2,1238:2:0,yabancı alkollü,DRINKS#STYLE_OPTIONS,positive,33,48
1239:0,1239:0:0,yemekleri,FOOD#QUALITY,positive,38,47
1239:0,1239:0:1,Hamburgerini,FOOD#QUALITY,negative,0,12
1239:1,1239:1:0,mekan,AMBIENCE#GENERAL,negative,27,32
1239:3,1239:3:0,mekanlardan,RESTAURANT#GENERAL,positive,18,29
1240:0,1240:0:0,yer,RESTAURANT#GENERAL,positive,29,32
1240:1,1240:1:0,çaydan,DRINKS#STYLE_OPTIONS,positive,22,28
1240:2,1240:2:0,karamel aramalı çayı,DRINKS#QUALITY,positive,6,26
1240:3,1240:3:0,mekan,AMBIENCE#GENERAL,positive,3,8
1241:0,1241:0:0,mekan,RESTAURANT#GENERAL,positive,38,43
1241:1,1241:1:0,konsepte,AMBIENCE#GENERAL,positive,16,24
1241:2,1241:2:0,Pizza Fagotto,FOOD#QUALITY,positive,0,13
1242:0,1242:0:0,kalite,RESTAURANT#GENERAL,negative,6,12
1242:1,1242:1:0,servis,SERVICE#GENERAL,negative,18,24
1242:2,1242:2:0,Fiyat,RESTAURANT#PRICES,negative,0,5
1242:3,1242:3:0,sorbe dondurmasi,FOOD#QUALITY,positive,8,24
1243:0,1243:0:0,Şatobiryan isimli etini,FOOD#QUALITY,positive,30,53
1243:2,1243:2:0,sunumla,FOOD#STYLE_OPTIONS,positive,9,16
1243:3,1243:3:0,mantar çanakları,FOOD#QUALITY,positive,7,23
1244:0,1244:0:0,yiyecekleri,FOOD#STYLE_OPTIONS,positive,47,58
1244:0,1244:0:1,lezzetler,FOOD#QUALITY,positive,22,31
1244:0,1244:0:2,manzara,AMBIENCE#GENERAL,positive,7,14
1244:0,1244:0:3,fiyatlari,FOOD#PRICES,positive,125,134
1244:1,1244:1:0,Halka açik olmasi,RESTAURANT#GENERAL,positive,0,17
1244:2,1244:2:0,yerlerden,RESTAURANT#GENERAL,positive,71,80
1244:2,1244:2:1,yer bulamamak,AMBIENCE#GENERAL,negative,23,36
1245:0,1245:0:0,yer,AMBIENCE#GENERAL,negative,57,60
1245:1,1245:1:0,NULL,AMBIENCE#GENERAL,positive,0,0
1245:2,1245:2:0,bistro seklinde olusu,RESTAURANT#GENERAL,positive,22,43
1245:3,1245:3:0,camekan olmasi,AMBIENCE#GENERAL,positive,6,20
1245:3,1245:3:1,NULL,AMBIENCE#GENERAL,negative,0,0
1245:4,1245:4:0,NULL,AMBIENCE#GENERAL,negative,0,0
1246:0,1246:0:0,biralar,DRINKS#QUALITY,positive,6,13
1246:1,1246:1:0,biralardan,DRINKS#STYLE_OPTIONS,positive,31,41
1246:2,1246:2:0,ortam,AMBIENCE#GENERAL,positive,12,17
1247:1,1247:1:0,Alkol,DRINKS#STYLE_OPTIONS,positive,0,5
1247:1,1247:1:1,barmeni,SERVICE#GENERAL,positive,43,50
1247:1,1247:1:2,müşteri profili,AMBIENCE#GENERAL,positive,52,67
1247:1,1247:1:3,dekorasyonu,AMBIENCE#GENERAL,positive,30,41
1247:1,1247:1:4,yemekleri,FOOD#QUALITY,positive,19,28
1247:2,1247:2:0,Çalışanların,SERVICE#GENERAL,positive,0,12
1247:2,1247:2:1,sahibinin,SERVICE#GENERAL,positive,33,42
1247:2,1247:2:2,işletmecinin,SERVICE#GENERAL,positive,14,26
1247:3,1247:3:0,mekan,RESTAURANT#GENERAL,positive,27,32
1248:0,1248:0:0,mekanı,RESTAURANT#GENERAL,positive,17,23
1248:1,1248:1:0,kaliteyi,RESTAURANT#GENERAL,positive,11,19
1248:2,1248:2:0,Hafta sonu kahvaltısı,FOOD#QUALITY,positive,0,21
1249:0,1249:0:0,mekan,AMBIENCE#GENERAL,positive,70,75
1249:1,1249:1:0,müzik,AMBIENCE#GENERAL,positive,33,38
1249:2,1249:2:0,yemeklere,FOOD#QUALITY,negative,18,27
1249:3,1249:3:0,yemekler,FOOD#QUALITY,negative,37,45
1250:0,1250:0:0,Mekanı,RESTAURANT#GENERAL,neutral,0,6
1250:1,1250:1:0,lezzet kalitesi,FOOD#QUALITY,negative,85,100
1250:1,1250:1:1,manzara,AMBIENCE#GENERAL,positive,33,40
1251:0,1251:0:0,garsonlara,SERVICE#GENERAL,negative,192,202
1251:1,1251:1:0,müşteri,SERVICE#GENERAL,negative,117,124
1252:0,1252:0:0,Hamburgerlerini,FOOD#QUALITY,positive,0,15
1252:0,1252:0:1,NULL,RESTAURANT#GENERAL,negative,0,0
1252:1,1252:1:0,NULL,RESTAURANT#GENERAL,neutral,0,0
1252:2,1252:2:0,Servisi,SERVICE#GENERAL,neutral,0,7
1252:3,1252:3:0,Mekan tasarımı,AMBIENCE#GENERAL,positive,0,14
1253:1,1253:1:0,Ikisi de,FOOD#QUALITY,positive,0,8
1253:2,1253:2:0,Tavuk Gögsü'nü,FOOD#QUALITY,positive,44,58
1253:4,1253:4:0,servis,SERVICE#GENERAL,positive,17,23
1253:5,1253:5:0,Tatli,FOOD#QUALITY,positive,0,5
1254:0,1254:0:0,ilgi,SERVICE#GENERAL,neutral,158,162
1254:0,1254:0:1,fiyatlar,RESTAURANT#PRICES,negative,284,292
1254:0,1254:0:2,NULL,RESTAURANT#GENERAL,positive,0,0
1254:0,1254:0:3,mekan,RESTAURANT#GENERAL,positive,0,5
1254:0,1254:0:4,içecekler,DRINKS#QUALITY,positive,196,205
1254:0,1254:0:5,kuzu bonfilesi,FOOD#QUALITY,positive,135,149
1255:0,1255:0:0,konumu,LOCATION#GENERAL,positive,42,48
1255:0,1255:0:1,fiyatlar,RESTAURANT#PRICES,negative,110,118
1255:0,1255:0:2,mekan,AMBIENCE#GENERAL,negative,104,109
1256:0,1256:0:0,Servisi,SERVICE#GENERAL,negative,0,7
1256:0,1256:0:1,yemekleri,FOOD#QUALITY,negative,11,20
1256:1,1256:1:0,kebaplari,FOOD#QUALITY,negative,22,31
1256:1,1256:1:1,garsonu,SERVICE#GENERAL,negative,39,46
1256:1,1256:1:2,fiyatiyla,RESTAURANT#PRICES,negative,95,104
1256:2,1256:2:0,isletmenin,RESTAURANT#GENERAL,negative,12,22
1257:0,1257:0:0,manzarasi,AMBIENCE#GENERAL,positive,16,25
1257:1,1257:1:0,manzarayi,AMBIENCE#GENERAL,positive,133,142
1258:0,1258:0:0,manzarası,AMBIENCE#GENERAL,positive,7,16
1258:0,1258:0:1,NULL,RESTAURANT#GENERAL,negative,0,0
1258:1,1258:1:0,yer,SERVICE#GENERAL,negative,10,13
1258:2,1258:2:0,Çalışanları,SERVICE#GENERAL,negative,0,11
1258:3,1258:3:0,sırada,SERVICE#GENERAL,negative,15,21
1258:4,1258:4:0,içeceğini,DRINKS#QUALITY,positive,31,40
1258:4,1258:4:1,Passion fruit'lu dondurması,FOOD#QUALITY,positive,0,27
1258:5,1258:5:0,Aşşk-ı Memnu,FOOD#QUALITY,neutral,0,12
1258:6,1258:6:0,NULL,RESTAURANT#GENERAL,neutral,0,0
1259:0,1259:0:0,menemen,FOOD#QUALITY,neutral,15,22
1259:0,1259:0:1,fiyat,FOOD#PRICES,negative,28,33
1259:1,1259:1:0,porsiyon,FOOD#STYLE_OPTIONS,positive,9,17
1259:2,1259:2:0,NULL,FOOD#STYLE_OPTIONS,neutral,0,0
1260:0,1260:0:0,mekan,AMBIENCE#GENERAL,positive,25,30
1260:0,1260:0:1,ic mekan konseptiyle,AMBIENCE#GENERAL,positive,31,51
1261:1,1261:1:0,sıra,SERVICE#GENERAL,negative,91,95
1261:2,1261:2:0,aşk-ı memnu'yu,FOOD#QUALITY,positive,23,37
1261:2,1261:2:1,Mekan,AMBIENCE#GENERAL,positive,0,5
1261:3,1261:3:0,Servis,SERVICE#GENERAL,negative,0,6
1261:4,1261:4:0,tatlı,FOOD#PRICES,neutral,26,31
1262:0,1262:0:0,patatesli mantısını,FOOD#QUALITY,neutral,43,62
1262:1,1262:1:0,çalışanlarında,SERVICE#GENERAL,negative,33,47
1262:1,1262:1:1,kokuyordu,AMBIENCE#GENERAL,negative,20,29
1262:2,1262:2:0,NULL,RESTAURANT#GENERAL,negative,0,0
1262:2,1262:2:1,Fıccın'ın,RESTAURANT#GENERAL,positive,52,61
1262:3,1262:3:0,Fiyatlar,RESTAURANT#PRICES,positive,0,8
1263:0,1263:0:0,yerlerden,RESTAURANT#GENERAL,negative,35,44
1263:1,1263:1:0,Menemeni,FOOD#QUALITY,positive,0,8
1263:2,1263:2:0,kahvaltı,FOOD#STYLE_OPTIONS,negative,4,12
1263:3,1263:3:0,NULL,FOOD#STYLE_OPTIONS,negative,0,0
1264:0,1264:0:0,yer,RESTAURANT#GENERAL,negative,57,60
1264:1,1264:1:0,mekanı,AMBIENCE#GENERAL,negative,37,43
1264:2,1264:2:0,menemen,FOOD#QUALITY,negative,14,21
1264:3,1264:3:0,kabukları,FOOD#STYLE_OPTIONS,negative,2,11
1264:5,1264:5:0,Sucuklu yumurtasında,FOOD#QUALITY,negative,0,20
1265:0,1265:0:0,mekan,RESTAURANT#GENERAL,positive,28,33
1265:1,1265:1:0,tadı,FOOD#QUALITY,positive,113,117
1265:1,1265:1:1,Garsonlarından,SERVICE#GENERAL,positive,0,14
1266:0,1266:0:0,esnaf restoranı,AMBIENCE#GENERAL,positive,49,64
1266:1,1266:1:0,balı,FOOD#QUALITY,positive,16,20
1266:1,1266:1:1,çayı,DRINKS#QUALITY,negative,31,35
1266:1,1266:1:2,Menemeni,FOOD#QUALITY,positive,0,8
1266:2,1266:2:0,kahvaltı,FOOD#QUALITY,positive,96,104
1266:3,1266:3:0,Fiyatlar,RESTAURANT#PRICES,positive,0,8
1267:0,1267:0:0,Sampi,RESTAURANT#GENERAL,neutral,0,5
1267:1,1267:1:0,Pideleri,FOOD#STYLE_OPTIONS,positive,0,8
1267:2,1267:2:0,NULL,RESTAURANT#GENERAL,neutral,0,0
1268:0,1268:0:0,Happy moon's,RESTAURANT#GENERAL,negative,0,12
1268:1,1268:1:0,Çalışanlar,SERVICE#GENERAL,negative,0,10
1268:2,1268:2:0,Lezzet,FOOD#QUALITY,negative,0,6
1268:3,1268:3:0,alkol,DRINKS#STYLE_OPTIONS,negative,7,12
1268:4,1268:4:0,sokaktaki,LOCATION#GENERAL,negative,7,16
1269:0,1269:0:0,sahlep,AMBIENCE#GENERAL,positive,60,66
1269:0,1269:0:1,kütük evde,AMBIENCE#GENERAL,positive,49,59
1269:1,1269:1:0,Aparatifleri,FOOD#QUALITY,positive,0,12
1269:2,1269:2:0,Nargilesi,DRINKS#STYLE_OPTIONS,positive,0,9
1270:0,1270:0:0,tereyagli pilavi,FOOD#QUALITY,positive,54,70
1270:1,1270:1:0,Kuru,FOOD#QUALITY,positive,0,4
1270:1,1270:1:1,içindeki yagin,FOOD#QUALITY,negative,28,42
1270:2,1270:2:0,küçük aci biberler,FOOD#STYLE_OPTIONS,positive,31,49
1271:0,1271:0:0,tadi,FOOD#QUALITY,negative,49,53
1271:1,1271:1:0,dürüm,FOOD#QUALITY,positive,34,39
1271:1,1271:1:1,dürüm,FOOD#QUALITY,negative,34,39
1271:2,1271:2:0,durum,RESTAURANT#GENERAL,negative,129,134
1272:0,1272:0:0,Seyir terasi,AMBIENCE#GENERAL,positive,0,12
1272:0,1272:0:1,yerlerden,AMBIENCE#GENERAL,positive,59,68
1272:1,1272:1:0,Manzarasi,AMBIENCE#GENERAL,positive,0,9
1272:2,1272:2:0,Personel,SERVICE#GENERAL,positive,0,8
1272:3,1272:3:0,Burada,RESTAURANT#GENERAL,positive,0,6
1273:0,1273:0:0,fiyatlar,RESTAURANT#PRICES,positive,40,48
1273:0,1273:0:1,yemekler,FOOD#QUALITY,positive,9,17
1273:0,1273:0:2,ortam,AMBIENCE#GENERAL,positive,25,30
1273:1,1273:1:0,ulaşımı,LOCATION#GENERAL,negative,11,18
1273:2,1273:2:0,gireceğimizi,LOCATION#GENERAL,negative,24,36
1273:3,1273:3:0,cafe ortamına,AMBIENCE#GENERAL,positive,17,30
1273:4,1273:4:0,"Tavla, okey gibi oyunları",RESTAURANT#GENERAL,positive,13,38
1273:5,1273:5:0,NULL,RESTAURANT#GENERAL,positive,0,0
1274:0,1274:0:0,mekan,RESTAURANT#GENERAL,positive,25,30
1274:1,1274:1:0,mekan,RESTAURANT#GENERAL,positive,76,81
1275:0,1275:0:0,Manzaradan,AMBIENCE#GENERAL,positive,0,10
1275:0,1275:0:1,mekan,RESTAURANT#GENERAL,negative,24,29
1275:1,1275:1:0,NULL,RESTAURANT#GENERAL,negative,0,0
1275:2,1275:2:0,Kofteleri,FOOD#QUALITY,neutral,0,9
1275:3,1275:3:0,NULL,RESTAURANT#GENERAL,neutral,0,0
1275:4,1275:4:0,Guler yuz,SERVICE#GENERAL,negative,0,9
1275:5,1275:5:0,NULL,AMBIENCE#GENERAL,negative,0,0
1276:0,1276:0:0,patlamış mısır,SERVICE#GENERAL,positive,27,41
1276:1,1276:1:0,yiyebilirsiniz,FOOD#STYLE_OPTIONS,positive,51,65
1276:2,1276:2:0,Premier League maçlarını,SERVICE#GENERAL,positive,14,38
1277:0,1277:0:0,mekan,AMBIENCE#GENERAL,negative,75,80
1277:0,1277:0:1,Kuru fasulyenin lezzetine,FOOD#QUALITY,positive,0,25
1277:0,1277:0:2,fiyatlar,RESTAURANT#PRICES,positive,43,51
1277:1,1277:1:0,ortam,AMBIENCE#GENERAL,negative,36,41
1278:0,1278:0:0,ürünler,FOOD#QUALITY,neutral,47,54
1278:0,1278:0:1,Mekanin konumu,LOCATION#GENERAL,positive,0,14
1278:0,1278:0:2,hizmet,SERVICE#GENERAL,neutral,37,43
1278:1,1278:1:0,Anadolu hisarinda,LOCATION#GENERAL,positive,2,19
1278:1,1278:1:1,NULL,RESTAURANT#GENERAL,negative,0,0
1278:2,1278:2:0,mekanin kimligi enerjisi,RESTAURANT#GENERAL,negative,33,57
1278:3,1278:3:0,NULL,RESTAURANT#GENERAL,negative,0,0
1278:4,1278:4:0,buradan,RESTAURANT#GENERAL,positive,89,96
1278:4,1278:4:1,isletmeci,SERVICE#GENERAL,negative,21,30
1279:0,1279:0:0,Konum,LOCATION#GENERAL,positive,0,5
1279:1,1279:1:0,otoparkta,AMBIENCE#GENERAL,negative,90,99
1279:2,1279:2:0,otoparkta masa,AMBIENCE#GENERAL,neutral,41,55
1279:3,1279:3:0,mekanin üst katlarinda,AMBIENCE#GENERAL,neutral,28,50
1279:4,1279:4:0,Lezzet,FOOD#QUALITY,neutral,0,6
1279:5,1279:5:0,Manzarasi,AMBIENCE#GENERAL,positive,0,9
1280:0,1280:0:0,Içi,AMBIENCE#GENERAL,negative,0,3
1280:0,1280:0:1,yer,RESTAURANT#GENERAL,negative,60,63
1280:0,1280:0:2,personeli,SERVICE#GENERAL,negative,92,101
1280:0,1280:0:3,servis eden,FOOD#STYLE_OPTIONS,negative,79,90
1281:0,1281:0:0,servis,SERVICE#GENERAL,negative,16,22
1281:0,1281:0:1,personel,SERVICE#GENERAL,negative,88,96
1281:1,1281:1:0,personeli,SERVICE#GENERAL,negative,68,77
1281:1,1281:1:1,servis,SERVICE#GENERAL,negative,40,46
1281:2,1281:2:0,personel,SERVICE#GENERAL,negative,10,18
1281:2,1281:2:1,Servis,SERVICE#GENERAL,negative,0,6
1282:0,1282:0:0,servis,SERVICE#GENERAL,negative,0,6
1282:1,1282:1:0,garson,SERVICE#GENERAL,negative,0,6
1282:4,1282:4:0,NULL,RESTAURANT#GENERAL,negative,0,0
1283:0,1283:0:0,mekan,AMBIENCE#GENERAL,negative,62,67
1283:0,1283:0:1,tadi,FOOD#QUALITY,negative,51,55
1284:0,1284:0:0,mekan,RESTAURANT#GENERAL,negative,18,23
1284:1,1284:1:0,garsonlari,SERVICE#GENERAL,negative,14,24
1284:1,1284:1:1,mekan,RESTAURANT#GENERAL,negative,52,57
1284:2,1284:2:0,sunumu,SERVICE#GENERAL,negative,24,30
1284:2,1284:2:1,NULL,RESTAURANT#GENERAL,negative,0,0
1284:2,1284:2:2,Manzarasi,AMBIENCE#GENERAL,positive,0,9
1284:3,1284:3:0,terbiyesizler,SERVICE#GENERAL,negative,50,63
1285:0,1285:0:0,NULL,RESTAURANT#GENERAL,neutral,0,0
1285:1,1285:1:0,dönerini,FOOD#QUALITY,positive,18,26
1285:3,1285:3:0,servis,SERVICE#GENERAL,positive,6,12
1285:4,1285:4:0,"patates, salata",FOOD#QUALITY,positive,18,33
1285:5,1285:5:0,Havuç dilimi tatlı,FOOD#QUALITY,positive,0,18
1285:6,1285:6:0,ayranı,DRINKS#STYLE_OPTIONS,negative,10,16
1285:7,1285:7:0,el yapımı ayran,DRINKS#STYLE_OPTIONS,negative,19,34
1286:0,1286:0:0,menüde,FOOD#STYLE_OPTIONS,positive,17,23
1286:0,1286:0:1,Mekan,AMBIENCE#GENERAL,positive,0,5
1286:0,1286:0:2,yemekler,FOOD#QUALITY,negative,56,64
1286:1,1286:1:0,puanı,RESTAURANT#GENERAL,negative,4,9
1286:1,1286:1:1,mekan,AMBIENCE#GENERAL,positive,10,15
1286:2,1286:2:0,yemek,FOOD#QUALITY,negative,44,49
1286:2,1286:2:1,Kahve,DRINKS#QUALITY,positive,0,5
1287:0,1287:0:0,küçük pizzalari,FOOD#STYLE_OPTIONS,negative,53,68
1287:2,1287:2:0,Ortam,AMBIENCE#GENERAL,positive,0,5
1287:3,1287:3:0,Hamur,FOOD#STYLE_OPTIONS,negative,0,5
1287:3,1287:3:1,peynir,FOOD#STYLE_OPTIONS,negative,29,35
1287:4,1287:4:0,Domates sosu,FOOD#STYLE_OPTIONS,negative,0,12
1287:4,1287:4:1,pizzanin,FOOD#QUALITY,negative,40,48
1287:5,1287:5:0,Fiyatlar,RESTAURANT#PRICES,negative,0,8
1288:0,1288:0:0,biralarını,DRINKS#QUALITY,negative,6,16
1288:1,1288:1:0,mekan,AMBIENCE#GENERAL,negative,17,22
1289:0,1289:0:0,mekan,AMBIENCE#GENERAL,positive,62,67
1289:1,1289:1:0,talebi,RESTAURANT#GENERAL,negative,39,45
1289:1,1289:1:1,bira menüsü,DRINKS#STYLE_OPTIONS,positive,72,83
1289:2,1289:2:0,Yemekleri,FOOD#STYLE_OPTIONS,negative,0,9
1289:2,1289:2:1,Yemekleri,FOOD#QUALITY,positive,0,9
1289:3,1289:3:0,Tavuklu Wrap,FOOD#QUALITY,positive,45,57
1289:3,1289:3:1,Tavuk Schnitzel,FOOD#QUALITY,positive,19,34
1289:4,1289:4:0,ice tea ve limonataları,DRINKS#QUALITY,positive,24,47
1290:0,1290:0:0,Etleri mezeleri,FOOD#QUALITY,positive,0,15
1290:0,1290:0:1,porsiyonlar,FOOD#STYLE_OPTIONS,neutral,29,40
1290:1,1290:1:0,NULL,FOOD#STYLE_OPTIONS,neutral,0,0
1290:2,1290:2:0,yiyecekler,FOOD#PRICES,negative,35,45
1291:0,1291:0:0,dem,RESTAURANT#GENERAL,positive,34,37
1291:1,1291:1:0,çay çeşidi,DRINKS#STYLE_OPTIONS,positive,13,23
1291:2,1291:2:0,bourban vanilla,DRINKS#QUALITY,positive,31,46
1291:2,1291:2:1,damla sakızlı mastika keki,FOOD#QUALITY,positive,73,99
1291:3,1291:3:0,"Hizmet, ilgi alaka",SERVICE#GENERAL,positive,0,18
1292:0,1292:0:0,NULL,FOOD#QUALITY,negative,0,0
1292:2,1292:2:0,oturma yeri,AMBIENCE#GENERAL,negative,0,11
1292:3,1292:3:0,NULL,RESTAURANT#GENERAL,negative,0,0
1293:0,1293:0:0,Manzara,AMBIENCE#GENERAL,positive,0,7
1293:1,1293:1:0,manzaraya,AMBIENCE#GENERAL,positive,4,13
1293:1,1293:1:1,yemekler,FOOD#QUALITY,negative,17,25
1293:1,1293:1:2,servis,SERVICE#GENERAL,negative,30,36
1293:2,1293:2:0,fiyatlarda,FOOD#PRICES,negative,11,21
1293:2,1293:2:1,yemeklerine,FOOD#QUALITY,negative,23,34
1293:3,1293:3:0,manzara,AMBIENCE#GENERAL,positive,62,69
1293:3,1293:3:1,Yemekleri,FOOD#QUALITY,negative,0,9
1294:0,1294:0:0,mekanlardan,RESTAURANT#GENERAL,positive,34,45
1294:1,1294:1:0,dekorasyona,AMBIENCE#GENERAL,positive,21,32
1294:1,1294:1:1,mekan,AMBIENCE#GENERAL,positive,77,82
1294:1,1294:1:2,bira,DRINKS#STYLE_OPTIONS,positive,40,44
1294:2,1294:2:0,schinitzel ve burger,FOOD#QUALITY,positive,13,33
1294:3,1294:3:0,dekorasyon ve ortam,AMBIENCE#GENERAL,positive,42,61
1295:0,1295:0:0,renkleri,AMBIENCE#GENERAL,positive,12,20
1295:0,1295:0:1,Dekorasyonu,AMBIENCE#GENERAL,positive,0,11
1295:1,1295:1:0,Ev yemeği,FOOD#QUALITY,positive,0,9
1295:1,1295:1:1,hersey,FOOD#QUALITY,negative,96,102
1295:2,1295:2:0,Servis,SERVICE#GENERAL,negative,0,6
1295:2,1295:2:1,çalışanların,SERVICE#GENERAL,negative,14,26
1295:3,1295:3:0,stres kontrolu,SERVICE#GENERAL,negative,26,40
1296:0,1296:0:0,çaldıkları müzikler,AMBIENCE#GENERAL,negative,34,53
1296:0,1296:0:1,İstanbul şubesi,RESTAURANT#GENERAL,negative,0,15
1297:0,1297:0:0,Arka bahçesi,AMBIENCE#GENERAL,positive,0,12
1297:1,1297:1:0,menüsü,FOOD#STYLE_OPTIONS,positive,81,87
1297:1,1297:1:1,iyilerinden,RESTAURANT#GENERAL,positive,15,26
1298:0,1298:0:0,oturma duzeni,AMBIENCE#GENERAL,negative,34,47
1298:0,1298:0:1,Masa yerlesimleri,AMBIENCE#GENERAL,negative,0,17
1298:1,1298:1:0,Yer bulmak,SERVICE#GENERAL,negative,0,10
1298:2,1298:2:0,fiyatlari,DRINKS#PRICES,negative,29,38
1298:2,1298:2:1,caylar,DRINKS#STYLE_OPTIONS,positive,12,18
1298:3,1298:3:0,garson,SERVICE#GENERAL,negative,85,91
1299:0,1299:0:0,Kurufasülye,FOOD#QUALITY,positive,0,11
1299:0,1299:0:1,tat,FOOD#QUALITY,positive,103,106
1299:1,1299:1:0,tava yoğurdu,FOOD#QUALITY,positive,23,35
1299:1,1299:1:1,Tereyağlı pilavları,FOOD#QUALITY,positive,0,19
1299:2,1299:2:0,sütlaç tadını,FOOD#QUALITY,negative,67,80
1299:2,1299:2:1,sütlaçları,FOOD#STYLE_OPTIONS,positive,31,41
1299:3,1299:3:0,zeytinyağlı yemekleri,FOOD#QUALITY,positive,34,55
1299:4,1299:4:0,Fiyatlar,RESTAURANT#PRICES,negative,0,8
